dataset.name,sample.id,cell.type,prediction
FIAS4,S1,NK.cells,0.0014900339326146303
FIAS4,S1,macrophages,0.009151310121605671
FIAS4,S1,memory.B.cells,0.000721034651565564
FIAS4,S1,monocytes,0.005748759078368305
FIAS4,S1,myeloid.dendritic.cells,0.0013538666924792972
FIAS4,S1,naive.B.cells,0.00021297382114643037
FIAS4,S1,naive.CD4.T.cells,0.006919866703024848
FIAS4,S1,naive.CD8.T.cells,0.007053617978382867
FIAS4,S1,neutrophils,0.012957661840867963
FIAS4,S1,regulatory.T.cells,0.0038718902888660585
FIAS4,S1,endothelial.cells,0.004039236880383636
FIAS4,S1,fibroblasts,0.003996109690822948
FIAS4,S1,memory.CD4.T.cells,0.018299462404986026
FIAS4,S1,memory.CD8.T.cells,0.0038302235742295747
FIAS4,S2,NK.cells,0.0008845499507404131
FIAS4,S2,macrophages,0.004861997379989259
FIAS4,S2,memory.B.cells,0.0002766445664842997
FIAS4,S2,monocytes,0.0147166343013315
FIAS4,S2,myeloid.dendritic.cells,0.008989792484403592
FIAS4,S2,naive.B.cells,0.00013760695223673697
FIAS4,S2,naive.CD4.T.cells,0.0019147058000274213
FIAS4,S2,naive.CD8.T.cells,0.0014919764511371948
FIAS4,S2,neutrophils,0.02197704098773788
FIAS4,S2,regulatory.T.cells,0.007103259049216863
FIAS4,S2,endothelial.cells,0.01934851234830282
FIAS4,S2,fibroblasts,0.0040816661755147116
FIAS4,S2,memory.CD4.T.cells,0.012856491616367378
FIAS4,S2,memory.CD8.T.cells,0.0005389979759627356
FIAS4,S3,NK.cells,0.0023456842074596512
FIAS4,S3,macrophages,0.004849612406465634
FIAS4,S3,memory.B.cells,0.002628436802487051
FIAS4,S3,monocytes,0.0003701805030608704
FIAS4,S3,myeloid.dendritic.cells,0.0026500198723976216
FIAS4,S3,naive.B.cells,0.0379503373448677
FIAS4,S3,naive.CD4.T.cells,0.002166125705645134
FIAS4,S3,naive.CD8.T.cells,0.002052526741386968
FIAS4,S3,neutrophils,0.00914274955618263
FIAS4,S3,regulatory.T.cells,0.013706857173427983
FIAS4,S3,endothelial.cells,0.009316236451227037
FIAS4,S3,fibroblasts,0.015105701164399462
FIAS4,S3,memory.CD4.T.cells,0.018932001031057192
FIAS4,S3,memory.CD8.T.cells,0.0004513397702103229
FIAS4,S4,NK.cells,0.0029263777650867387
FIAS4,S4,macrophages,0.019811155833003375
FIAS4,S4,memory.B.cells,0.0002393763907835923
FIAS4,S4,monocytes,0.00633677947819561
FIAS4,S4,myeloid.dendritic.cells,0.055861044850655364
FIAS4,S4,naive.B.cells,0.0013394908210452136
FIAS4,S4,naive.CD4.T.cells,0.0022594407887432956
FIAS4,S4,naive.CD8.T.cells,0.002011305528662843
FIAS4,S4,neutrophils,0.006086549103061005
FIAS4,S4,regulatory.T.cells,0.004621161577108576
FIAS4,S4,endothelial.cells,0.03153439316671532
FIAS4,S4,fibroblasts,0.014825350011185854
FIAS4,S4,memory.CD4.T.cells,0.007215395860910848
FIAS4,S4,memory.CD8.T.cells,0.00046905865712345174
FIAS4,S5,NK.cells,0.0014281347470938663
FIAS4,S5,macrophages,0.00043277502990788855
FIAS4,S5,memory.B.cells,0.00010793165493243788
FIAS4,S5,monocytes,6.969147894909603e-05
FIAS4,S5,myeloid.dendritic.cells,0.002150565821698928
FIAS4,S5,naive.B.cells,6.57273336690362e-05
FIAS4,S5,naive.CD4.T.cells,0.00854757373195433
FIAS4,S5,naive.CD8.T.cells,0.009968068009778001
FIAS4,S5,neutrophils,9.937308357311834e-05
FIAS4,S5,regulatory.T.cells,0.0022568459048664794
FIAS4,S5,endothelial.cells,0.0003793420893657442
FIAS4,S5,fibroblasts,0.004966451910351707
FIAS4,S5,memory.CD4.T.cells,0.013912664771610425
FIAS4,S5,memory.CD8.T.cells,0.0004684025522989139
FIAS4,S6,NK.cells,0.004863514423330267
FIAS4,S6,macrophages,0.006728268779702729
FIAS4,S6,memory.B.cells,0.00010927547684330779
FIAS4,S6,monocytes,0.0037970303688497106
FIAS4,S6,myeloid.dendritic.cells,0.0008945922413942396
FIAS4,S6,naive.B.cells,0.0002116313875915523
FIAS4,S6,naive.CD4.T.cells,0.0009935433595806634
FIAS4,S6,naive.CD8.T.cells,0.000404272228683163
FIAS4,S6,neutrophils,0.005877632363261164
FIAS4,S6,regulatory.T.cells,0.000407353026763795
FIAS4,S6,endothelial.cells,0.006048923716855165
FIAS4,S6,fibroblasts,0.001692352070461907
FIAS4,S6,memory.CD4.T.cells,0.0009373330652825031
FIAS4,S6,memory.CD8.T.cells,0.00036084918701921863
FIAS4,S7,NK.cells,0.014601108488229991
FIAS4,S7,macrophages,0.011269980248389494
FIAS4,S7,memory.B.cells,0.00038100591834143227
FIAS4,S7,monocytes,0.0006328137425396328
FIAS4,S7,myeloid.dendritic.cells,0.0010902764781545256
FIAS4,S7,naive.B.cells,0.0013654094473091701
FIAS4,S7,naive.CD4.T.cells,0.005795847240142406
FIAS4,S7,naive.CD8.T.cells,0.0043202162225988985
FIAS4,S7,neutrophils,0.017026329582390975
FIAS4,S7,regulatory.T.cells,0.035082738741562695
FIAS4,S7,endothelial.cells,0.005236864697120192
FIAS4,S7,fibroblasts,0.01648380786916373
FIAS4,S7,memory.CD4.T.cells,0.045150839985897175
FIAS4,S7,memory.CD8.T.cells,0.002394836948756521
FIAS4,S8,NK.cells,0.01766908041964316
FIAS4,S8,macrophages,0.01850946747060388
FIAS4,S8,memory.B.cells,0.004290079614404354
FIAS4,S8,monocytes,0.0039929568128230395
FIAS4,S8,myeloid.dendritic.cells,0.038243003784644826
FIAS4,S8,naive.B.cells,0.0012002581423494357
FIAS4,S8,naive.CD4.T.cells,0.0026317807493526795
FIAS4,S8,naive.CD8.T.cells,0.003163269529471496
FIAS4,S8,neutrophils,0.0140125228431044
FIAS4,S8,regulatory.T.cells,0.004870742226195907
FIAS4,S8,endothelial.cells,0.031806033038903114
FIAS4,S8,fibroblasts,0.010948852158342286
FIAS4,S8,memory.CD4.T.cells,0.007613542287365361
FIAS4,S8,memory.CD8.T.cells,0.0027150104374012557
FIAS4,S9,NK.cells,0.014611530543641718
FIAS4,S9,macrophages,0.00850849873260835
FIAS4,S9,memory.B.cells,0.008507371952776455
FIAS4,S9,monocytes,0.01590164024634521
FIAS4,S9,myeloid.dendritic.cells,0.003997118116824613
FIAS4,S9,naive.B.cells,0.007298515989672897
FIAS4,S9,naive.CD4.T.cells,0.0031714608868204782
FIAS4,S9,naive.CD8.T.cells,0.002854369553839074
FIAS4,S9,neutrophils,0.02329151036774563
FIAS4,S9,regulatory.T.cells,0.006272783977904389
FIAS4,S9,endothelial.cells,0.00606568850188104
FIAS4,S9,fibroblasts,0.00468483071365896
FIAS4,S9,memory.CD4.T.cells,0.013976958280783219
FIAS4,S9,memory.CD8.T.cells,0.004118982964064049
FIAS4,S10,NK.cells,0.024427722455267305
FIAS4,S10,macrophages,0.012428758060954594
FIAS4,S10,memory.B.cells,0.019192285668161932
FIAS4,S10,monocytes,0.004447745180598536
FIAS4,S10,myeloid.dendritic.cells,0.002270115589015658
FIAS4,S10,naive.B.cells,0.002926260770344403
FIAS4,S10,naive.CD4.T.cells,0.006216805168885427
FIAS4,S10,naive.CD8.T.cells,0.006146430933754488
FIAS4,S10,neutrophils,0.016253519668202945
FIAS4,S10,regulatory.T.cells,0.003245829102129865
FIAS4,S10,endothelial.cells,0.018679641891034892
FIAS4,S10,fibroblasts,0.013575320395703503
FIAS4,S10,memory.CD4.T.cells,0.015120219867999886
FIAS4,S10,memory.CD8.T.cells,0.0032940858862650054
FIAS4,S11,NK.cells,0.028611975780542854
FIAS4,S11,macrophages,0.010085504193667851
FIAS4,S11,memory.B.cells,0.00037150077481961236
FIAS4,S11,monocytes,0.015935478934931357
FIAS4,S11,myeloid.dendritic.cells,0.0038158369587283428
FIAS4,S11,naive.B.cells,0.0003732744105704009
FIAS4,S11,naive.CD4.T.cells,0.004412150620028138
FIAS4,S11,naive.CD8.T.cells,0.002016016271686885
FIAS4,S11,neutrophils,0.024956028305317225
FIAS4,S11,regulatory.T.cells,0.004344071803064301
FIAS4,S11,endothelial.cells,0.005943438350984147
FIAS4,S11,fibroblasts,0.014535096440719231
FIAS4,S11,memory.CD4.T.cells,0.012727108008858531
FIAS4,S11,memory.CD8.T.cells,0.003355725332254021
FIAS4,S12,NK.cells,0.04588909439977992
FIAS4,S12,macrophages,0.011425888590719848
FIAS4,S12,memory.B.cells,0.00027690974542229316
FIAS4,S12,monocytes,3.641914217704327e-05
FIAS4,S12,myeloid.dendritic.cells,0.0017067934107850827
FIAS4,S12,naive.B.cells,2.7443928112461628e-05
FIAS4,S12,naive.CD4.T.cells,0.006735389790448233
FIAS4,S12,naive.CD8.T.cells,0.003412507063262646
FIAS4,S12,neutrophils,0.0002879049489411922
FIAS4,S12,regulatory.T.cells,0.0009006406983365889
FIAS4,S12,endothelial.cells,0.006129524806433636
FIAS4,S12,fibroblasts,0.006429863856208719
FIAS4,S12,memory.CD4.T.cells,0.0055740839735401474
FIAS4,S12,memory.CD8.T.cells,0.0021994296272421303
FIAS4,S13,NK.cells,0.0636987521854495
FIAS4,S13,macrophages,0.002124330332558431
FIAS4,S13,memory.B.cells,0.00015695276452651127
FIAS4,S13,monocytes,0.0003983790466055433
FIAS4,S13,myeloid.dendritic.cells,0.00019776829769558565
FIAS4,S13,naive.B.cells,0.00017008553350975972
FIAS4,S13,naive.CD4.T.cells,0.006860171009014926
FIAS4,S13,naive.CD8.T.cells,0.0011922225108217525
FIAS4,S13,neutrophils,0.008389183783164788
FIAS4,S13,regulatory.T.cells,0.005241884318694443
FIAS4,S13,endothelial.cells,0.0007652608597431049
FIAS4,S13,fibroblasts,0.008703990487877995
FIAS4,S13,memory.CD4.T.cells,0.008648277638501385
FIAS4,S13,memory.CD8.T.cells,0.006539536476129738
FIAS4,S14,NK.cells,0.0003557286247135695
FIAS4,S14,macrophages,0.006053582644948109
FIAS4,S14,memory.B.cells,9.101252718770931e-05
FIAS4,S14,monocytes,0.003971581157795798
FIAS4,S14,myeloid.dendritic.cells,0.0007801016926207505
FIAS4,S14,naive.B.cells,0.00025545717499918377
FIAS4,S14,naive.CD4.T.cells,0.0006715377720912991
FIAS4,S14,naive.CD8.T.cells,0.00043548699826272537
FIAS4,S14,neutrophils,0.00612424429843185
FIAS4,S14,regulatory.T.cells,0.0005448973721617231
FIAS4,S14,endothelial.cells,0.008092895305031851
FIAS4,S14,fibroblasts,0.0025214600500912967
FIAS4,S14,memory.CD4.T.cells,0.001810650811881623
FIAS4,S14,memory.CD8.T.cells,0.000625034661514691
FIAS4,S15,NK.cells,0.0006207998799439092
FIAS4,S15,macrophages,0.001670251200844431
FIAS4,S15,memory.B.cells,0.0022397022403875043
FIAS4,S15,monocytes,0.0003461518656798197
FIAS4,S15,myeloid.dendritic.cells,0.00604811873945436
FIAS4,S15,naive.B.cells,0.000267249741154509
FIAS4,S15,naive.CD4.T.cells,0.011403134647814627
FIAS4,S15,naive.CD8.T.cells,0.010377212953239647
FIAS4,S15,neutrophils,0.010616686089683835
FIAS4,S15,regulatory.T.cells,0.0034517562696936926
FIAS4,S15,endothelial.cells,0.004472736767775372
FIAS4,S15,fibroblasts,0.0051628340138901935
FIAS4,S15,memory.CD4.T.cells,0.009836660191635198
FIAS4,S15,memory.CD8.T.cells,0.0014807713304180543
FIAS4,S16,NK.cells,0.0025956825156694782
FIAS4,S16,macrophages,0.000604129443328824
FIAS4,S16,memory.B.cells,0.0014512242916483412
FIAS4,S16,monocytes,0.00012948586138538317
FIAS4,S16,myeloid.dendritic.cells,0.005531259822529267
FIAS4,S16,naive.B.cells,2.8089363442145694e-05
FIAS4,S16,naive.CD4.T.cells,0.004605444367082033
FIAS4,S16,naive.CD8.T.cells,0.004788856304153487
FIAS4,S16,neutrophils,0.004039109869435064
FIAS4,S16,regulatory.T.cells,0.003907109127513084
FIAS4,S16,endothelial.cells,0.0041072362690922105
FIAS4,S16,fibroblasts,0.0066448667729661565
FIAS4,S16,memory.CD4.T.cells,0.019657782411135687
FIAS4,S16,memory.CD8.T.cells,0.004754726021476012
FIAS4,S17,NK.cells,0.00335169997626331
FIAS4,S17,macrophages,0.00011749474633494451
FIAS4,S17,memory.B.cells,0.00026321729804126983
FIAS4,S17,monocytes,1.4672229314701528e-05
FIAS4,S17,myeloid.dendritic.cells,0.0012026759952237546
FIAS4,S17,naive.B.cells,1.1459038827530622e-05
FIAS4,S17,naive.CD4.T.cells,0.004865489736334213
FIAS4,S17,naive.CD8.T.cells,0.006017620899712307
FIAS4,S17,neutrophils,6.507775329857033e-05
FIAS4,S17,regulatory.T.cells,0.0046888953165432476
FIAS4,S17,endothelial.cells,4.1573580632068043e-05
FIAS4,S17,fibroblasts,0.004452358035164749
FIAS4,S17,memory.CD4.T.cells,0.0264757070582734
FIAS4,S17,memory.CD8.T.cells,0.006467534440221353
FIAS4,S18,NK.cells,7.191888361487795e-05
FIAS4,S18,macrophages,0.006309758004755015
FIAS4,S18,memory.B.cells,9.427596754344731e-05
FIAS4,S18,monocytes,0.0004927296402972124
FIAS4,S18,myeloid.dendritic.cells,0.0014116629520309536
FIAS4,S18,naive.B.cells,6.894515516161386e-05
FIAS4,S18,naive.CD4.T.cells,0.0052958685876691265
FIAS4,S18,naive.CD8.T.cells,0.006226083639411299
FIAS4,S18,neutrophils,0.0007479221219708413
FIAS4,S18,regulatory.T.cells,0.0014324321071610188
FIAS4,S18,endothelial.cells,0.0008153469266106673
FIAS4,S18,fibroblasts,0.0032670582509780593
FIAS4,S18,memory.CD4.T.cells,0.010621307917471292
FIAS4,S18,memory.CD8.T.cells,0.0011660114703401653
FIAS4,S19,NK.cells,0.002506824269345224
FIAS4,S19,macrophages,0.03008554010602426
FIAS4,S19,memory.B.cells,0.0004735569237045126
FIAS4,S19,monocytes,0.01750744779762513
FIAS4,S19,myeloid.dendritic.cells,0.008583881251841138
FIAS4,S19,naive.B.cells,0.0004070266086772864
FIAS4,S19,naive.CD4.T.cells,0.007078471508539364
FIAS4,S19,naive.CD8.T.cells,0.011207336784658002
FIAS4,S19,neutrophils,0.029605942110605576
FIAS4,S19,regulatory.T.cells,0.008516409379288728
FIAS4,S19,endothelial.cells,0.024146007075758282
FIAS4,S19,fibroblasts,0.047316689562761076
FIAS4,S19,memory.CD4.T.cells,0.03328382063737998
FIAS4,S19,memory.CD8.T.cells,0.009638027334202139
FIAS4,S20,NK.cells,0.002670499789949754
FIAS4,S20,macrophages,0.015515114613285055
FIAS4,S20,memory.B.cells,0.0012519247504789313
FIAS4,S20,monocytes,0.00014878982943884056
FIAS4,S20,myeloid.dendritic.cells,0.0014669378496434396
FIAS4,S20,naive.B.cells,0.0002342488661037661
FIAS4,S20,naive.CD4.T.cells,0.0023033657591972857
FIAS4,S20,naive.CD8.T.cells,0.002943819490062814
FIAS4,S20,neutrophils,0.009513402868428769
FIAS4,S20,regulatory.T.cells,0.003955570802461467
FIAS4,S20,endothelial.cells,0.005254011248123121
FIAS4,S20,fibroblasts,0.0004928275336684933
FIAS4,S20,memory.CD4.T.cells,0.028582268636594636
FIAS4,S20,memory.CD8.T.cells,0.006898902239615555
FIAS5,S1,NK.cells,0.01482978280725783
FIAS5,S1,macrophages,0.005964416233208204
FIAS5,S1,memory.B.cells,0.00232514764806175
FIAS5,S1,monocytes,0.005096163607752317
FIAS5,S1,myeloid.dendritic.cells,0.012233350402366162
FIAS5,S1,naive.B.cells,0.006644991037530377
FIAS5,S1,naive.CD4.T.cells,0.0045357269957764625
FIAS5,S1,naive.CD8.T.cells,0.005112528470945217
FIAS5,S1,neutrophils,0.016921012873727593
FIAS5,S1,regulatory.T.cells,0.0032779497514434856
FIAS5,S1,endothelial.cells,0.009192233327201758
FIAS5,S1,fibroblasts,0.006747860180887152
FIAS5,S1,memory.CD4.T.cells,0.01839296216736733
FIAS5,S1,memory.CD8.T.cells,0.002733851836902757
FIAS5,S2,NK.cells,0.01176736704316508
FIAS5,S2,macrophages,0.005935034343843975
FIAS5,S2,memory.B.cells,0.002334236915036967
FIAS5,S2,monocytes,0.005223704247735473
FIAS5,S2,myeloid.dendritic.cells,0.011627717196492825
FIAS5,S2,naive.B.cells,0.0065805959951397855
FIAS5,S2,naive.CD4.T.cells,0.00453053531746085
FIAS5,S2,naive.CD8.T.cells,0.0049782876678242894
FIAS5,S2,neutrophils,0.016544138212665566
FIAS5,S2,regulatory.T.cells,0.0032156058541537623
FIAS5,S2,endothelial.cells,0.009147107268238785
FIAS5,S2,fibroblasts,0.006667309690809204
FIAS5,S2,memory.CD4.T.cells,0.01798405978735892
FIAS5,S2,memory.CD8.T.cells,0.002403419331719994
FIAS5,S3,NK.cells,0.021054435900821847
FIAS5,S3,macrophages,0.005827705313882291
FIAS5,S3,memory.B.cells,0.0022861776522565065
FIAS5,S3,monocytes,0.004524836798605281
FIAS5,S3,myeloid.dendritic.cells,0.014928718747983497
FIAS5,S3,naive.B.cells,0.006744454733008591
FIAS5,S3,naive.CD4.T.cells,0.004606383328739486
FIAS5,S3,naive.CD8.T.cells,0.005613601028929019
FIAS5,S3,neutrophils,0.016109561630148227
FIAS5,S3,regulatory.T.cells,0.0035656247698778237
FIAS5,S3,endothelial.cells,0.009090136579142236
FIAS5,S3,fibroblasts,0.006830518183617288
FIAS5,S3,memory.CD4.T.cells,0.02042314069969751
FIAS5,S3,memory.CD8.T.cells,0.0034760249501352334
FIAS5,S4,NK.cells,0.018964544427131982
FIAS5,S4,macrophages,0.005765831869739261
FIAS5,S4,memory.B.cells,0.0023419260725384534
FIAS5,S4,monocytes,0.005255993687347691
FIAS5,S4,myeloid.dendritic.cells,0.011583278646490027
FIAS5,S4,naive.B.cells,0.006409676410224966
FIAS5,S4,naive.CD4.T.cells,0.004546365069994371
FIAS5,S4,naive.CD8.T.cells,0.00534028683204296
FIAS5,S4,neutrophils,0.015470428555382637
FIAS5,S4,regulatory.T.cells,0.003286489302527406
FIAS5,S4,endothelial.cells,0.00897576733851546
FIAS5,S4,fibroblasts,0.006559833222524816
FIAS5,S4,memory.CD4.T.cells,0.019329774397120737
FIAS5,S4,memory.CD8.T.cells,0.003260541483204731
FIAS5,S5,NK.cells,0.02427789893658761
FIAS5,S5,macrophages,0.005421017892817769
FIAS5,S5,memory.B.cells,0.002268296344004429
FIAS5,S5,monocytes,0.004044056061141867
FIAS5,S5,myeloid.dendritic.cells,0.014821624724817456
FIAS5,S5,naive.B.cells,0.006430225275579343
FIAS5,S5,naive.CD4.T.cells,0.004649691794427274
FIAS5,S5,naive.CD8.T.cells,0.00600520463314706
FIAS5,S5,neutrophils,0.014162170651377964
FIAS5,S5,regulatory.T.cells,0.0037094407430374073
FIAS5,S5,endothelial.cells,0.008696346843508344
FIAS5,S5,fibroblasts,0.006669940238036619
FIAS5,S5,memory.CD4.T.cells,0.021673919518490844
FIAS5,S5,memory.CD8.T.cells,0.003954405333098825
FIAS5,S6,NK.cells,0.012237533083695053
FIAS5,S6,macrophages,0.005541479716037786
FIAS5,S6,memory.B.cells,0.002229393941335654
FIAS5,S6,monocytes,0.0048039825020963454
FIAS5,S6,myeloid.dendritic.cells,0.015785194821137834
FIAS5,S6,naive.B.cells,0.007222473308068896
FIAS5,S6,naive.CD4.T.cells,0.004599172372061738
FIAS5,S6,naive.CD8.T.cells,0.005171780826129121
FIAS5,S6,neutrophils,0.013535755263423155
FIAS5,S6,regulatory.T.cells,0.0033152227478552673
FIAS5,S6,endothelial.cells,0.00914386908353431
FIAS5,S6,fibroblasts,0.006632641714140572
FIAS5,S6,memory.CD4.T.cells,0.019664216331723206
FIAS5,S6,memory.CD8.T.cells,0.00252389880507993
FIAS5,S7,NK.cells,0.016027535354884655
FIAS5,S7,macrophages,0.005125546566352518
FIAS5,S7,memory.B.cells,0.0023527202670162056
FIAS5,S7,monocytes,0.005127722526186199
FIAS5,S7,myeloid.dendritic.cells,0.013078112098460392
FIAS5,S7,naive.B.cells,0.007512352123520823
FIAS5,S7,naive.CD4.T.cells,0.004621856123816707
FIAS5,S7,naive.CD8.T.cells,0.0052713569488495714
FIAS5,S7,neutrophils,0.011663064644910228
FIAS5,S7,regulatory.T.cells,0.0031650263587180063
FIAS5,S7,endothelial.cells,0.008831366540503417
FIAS5,S7,fibroblasts,0.006478094259075261
FIAS5,S7,memory.CD4.T.cells,0.019436015290686615
FIAS5,S7,memory.CD8.T.cells,0.0029924346209643654
FIAS5,S8,NK.cells,0.0254856950512656
FIAS5,S8,macrophages,0.005672181642197823
FIAS5,S8,memory.B.cells,0.0022693865554950956
FIAS5,S8,monocytes,0.003642676640037507
FIAS5,S8,myeloid.dendritic.cells,0.009590705024823573
FIAS5,S8,naive.B.cells,0.0062769337942025
FIAS5,S8,naive.CD4.T.cells,0.004370242287688585
FIAS5,S8,naive.CD8.T.cells,0.00606589493869934
FIAS5,S8,neutrophils,0.016045609342292565
FIAS5,S8,regulatory.T.cells,0.0036157175365944556
FIAS5,S8,endothelial.cells,0.008478200676343715
FIAS5,S8,fibroblasts,0.006561322276161361
FIAS5,S8,memory.CD4.T.cells,0.021184554519596836
FIAS5,S8,memory.CD8.T.cells,0.004048292595328188
FIAS5,S9,NK.cells,0.025764133540177637
FIAS5,S9,macrophages,0.004926995664096045
FIAS5,S9,memory.B.cells,0.0021173314501613787
FIAS5,S9,monocytes,0.003589198508137798
FIAS5,S9,myeloid.dendritic.cells,0.014581648724791124
FIAS5,S9,naive.B.cells,0.006086811167382863
FIAS5,S9,naive.CD4.T.cells,0.004543325468950229
FIAS5,S9,naive.CD8.T.cells,0.006002061757303667
FIAS5,S9,neutrophils,0.010941309677432082
FIAS5,S9,regulatory.T.cells,0.0036092414265206803
FIAS5,S9,endothelial.cells,0.008529018295190538
FIAS5,S9,fibroblasts,0.006265950768586047
FIAS5,S9,memory.CD4.T.cells,0.021862250985753184
FIAS5,S9,memory.CD8.T.cells,0.004103468540909434
FIAS5,S10,NK.cells,0.015786537400235022
FIAS5,S10,macrophages,0.00553709006083243
FIAS5,S10,memory.B.cells,0.0022847720049147427
FIAS5,S10,monocytes,0.004918470241961991
FIAS5,S10,myeloid.dendritic.cells,0.014914935145540608
FIAS5,S10,naive.B.cells,0.007324370680624815
FIAS5,S10,naive.CD4.T.cells,0.004608956802859978
FIAS5,S10,naive.CD8.T.cells,0.0052807507036773645
FIAS5,S10,neutrophils,0.013677921850119977
FIAS5,S10,regulatory.T.cells,0.003276423333201862
FIAS5,S10,endothelial.cells,0.009099632078178257
FIAS5,S10,fibroblasts,0.006608448030162465
FIAS5,S10,memory.CD4.T.cells,0.01976641116762083
FIAS5,S10,memory.CD8.T.cells,0.0028985817626437987
FIAS5,S11,NK.cells,0.023606842804286533
FIAS5,S11,macrophages,0.005725735145743374
FIAS5,S11,memory.B.cells,0.002257406395850082
FIAS5,S11,monocytes,0.004184653916913484
FIAS5,S11,myeloid.dendritic.cells,0.012680273461336142
FIAS5,S11,naive.B.cells,0.006640640044622537
FIAS5,S11,naive.CD4.T.cells,0.004478941080586915
FIAS5,S11,naive.CD8.T.cells,0.005934847390999416
FIAS5,S11,neutrophils,0.015094465392465579
FIAS5,S11,regulatory.T.cells,0.003245840640638617
FIAS5,S11,endothelial.cells,0.008755966874281162
FIAS5,S11,fibroblasts,0.006845705632409585
FIAS5,S11,memory.CD4.T.cells,0.020790196221822252
FIAS5,S11,memory.CD8.T.cells,0.003763667371782366
FIAS5,S12,NK.cells,0.021459111076583055
FIAS5,S12,macrophages,0.00576571754988707
FIAS5,S12,memory.B.cells,0.0021490782406328275
FIAS5,S12,monocytes,0.0038294137167715005
FIAS5,S12,myeloid.dendritic.cells,0.015225186645036986
FIAS5,S12,naive.B.cells,0.006798837997979563
FIAS5,S12,naive.CD4.T.cells,0.004466513252544888
FIAS5,S12,naive.CD8.T.cells,0.005616834184262484
FIAS5,S12,neutrophils,0.014648301021671058
FIAS5,S12,regulatory.T.cells,0.0032456165986009737
FIAS5,S12,endothelial.cells,0.008929815072442004
FIAS5,S12,fibroblasts,0.00688504591199893
FIAS5,S12,memory.CD4.T.cells,0.020094946992429672
FIAS5,S12,memory.CD8.T.cells,0.003407728355987977
FIAS5,S13,NK.cells,0.020710322081779028
FIAS5,S13,macrophages,0.005409014280585818
FIAS5,S13,memory.B.cells,0.0020861020270700015
FIAS5,S13,monocytes,0.004012655537863988
FIAS5,S13,myeloid.dendritic.cells,0.015901337341741404
FIAS5,S13,naive.B.cells,0.006797407036163713
FIAS5,S13,naive.CD4.T.cells,0.00441637426084294
FIAS5,S13,naive.CD8.T.cells,0.005446713343516127
FIAS5,S13,neutrophils,0.011162531317126582
FIAS5,S13,regulatory.T.cells,0.003224571504351789
FIAS5,S13,endothelial.cells,0.008853626562022838
FIAS5,S13,fibroblasts,0.006697109527883541
FIAS5,S13,memory.CD4.T.cells,0.019906462465868517
FIAS5,S13,memory.CD8.T.cells,0.0033003095165832206
FIAS5,S14,NK.cells,0.011994234702689007
FIAS5,S14,macrophages,0.006028724819654577
FIAS5,S14,memory.B.cells,0.0022161749269952063
FIAS5,S14,monocytes,0.0039898674262686465
FIAS5,S14,myeloid.dendritic.cells,0.014663430980057514
FIAS5,S14,naive.B.cells,0.006948877156481193
FIAS5,S14,naive.CD4.T.cells,0.004436357075682932
FIAS5,S14,naive.CD8.T.cells,0.005242183739527347
FIAS5,S14,neutrophils,0.01708086876119198
FIAS5,S14,regulatory.T.cells,0.003269381717738016
FIAS5,S14,endothelial.cells,0.0092597441853924
FIAS5,S14,fibroblasts,0.007143697992409287
FIAS5,S14,memory.CD4.T.cells,0.01832725066354438
FIAS5,S14,memory.CD8.T.cells,0.002379191759366575
FIAS5,S15,NK.cells,0.01604103460541724
FIAS5,S15,macrophages,0.005427610493502386
FIAS5,S15,memory.B.cells,0.0020331851141214006
FIAS5,S15,monocytes,0.004051673532809025
FIAS5,S15,myeloid.dendritic.cells,0.016401608102180498
FIAS5,S15,naive.B.cells,0.006866675898702928
FIAS5,S15,naive.CD4.T.cells,0.0043131976840864415
FIAS5,S15,naive.CD8.T.cells,0.0050157223890073075
FIAS5,S15,neutrophils,0.011045430391142964
FIAS5,S15,regulatory.T.cells,0.003221500320614426
FIAS5,S15,endothelial.cells,0.008923343466691016
FIAS5,S15,fibroblasts,0.00665657047098772
FIAS5,S15,memory.CD4.T.cells,0.018802068636986174
FIAS5,S15,memory.CD8.T.cells,0.0026979907774642388
FIAS5,S16,NK.cells,0.012807980504135445
FIAS5,S16,macrophages,0.0060170642235296955
FIAS5,S16,memory.B.cells,0.0023096491524349956
FIAS5,S16,monocytes,0.004189571111001668
FIAS5,S16,myeloid.dendritic.cells,0.011265855914776498
FIAS5,S16,naive.B.cells,0.006967871661194667
FIAS5,S16,naive.CD4.T.cells,0.004170681707408225
FIAS5,S16,naive.CD8.T.cells,0.005409556469440775
FIAS5,S16,neutrophils,0.01812471680718897
FIAS5,S16,regulatory.T.cells,0.00329371898244574
FIAS5,S16,endothelial.cells,0.009347352161334352
FIAS5,S16,fibroblasts,0.0072053678104711276
FIAS5,S16,memory.CD4.T.cells,0.017995366571710927
FIAS5,S16,memory.CD8.T.cells,0.0024122651431976163
FIAS5,S17,NK.cells,0.02468579790546696
FIAS5,S17,macrophages,0.0050471583440078035
FIAS5,S17,memory.B.cells,0.0022433492251482385
FIAS5,S17,monocytes,0.004900755582017829
FIAS5,S17,myeloid.dendritic.cells,0.011061697994150996
FIAS5,S17,naive.B.cells,0.006538490443600525
FIAS5,S17,naive.CD4.T.cells,0.0045541001787150915
FIAS5,S17,naive.CD8.T.cells,0.00602429504965636
FIAS5,S17,neutrophils,0.011490656964445652
FIAS5,S17,regulatory.T.cells,0.003258609435115108
FIAS5,S17,endothelial.cells,0.008399334765725922
FIAS5,S17,fibroblasts,0.006459615311169693
FIAS5,S17,memory.CD4.T.cells,0.02146240066046962
FIAS5,S17,memory.CD8.T.cells,0.003992815855055133
FIAS5,S18,NK.cells,0.024272216669724168
FIAS5,S18,macrophages,0.005041621450125294
FIAS5,S18,memory.B.cells,0.0022375418339615517
FIAS5,S18,monocytes,0.0049574999793287056
FIAS5,S18,myeloid.dendritic.cells,0.011994137039266646
FIAS5,S18,naive.B.cells,0.006627114572093386
FIAS5,S18,naive.CD4.T.cells,0.004573327206731105
FIAS5,S18,naive.CD8.T.cells,0.005999482434609634
FIAS5,S18,neutrophils,0.011214591087170307
FIAS5,S18,regulatory.T.cells,0.0032511225309663923
FIAS5,S18,endothelial.cells,0.008505085202228264
FIAS5,S18,fibroblasts,0.006455536973534521
FIAS5,S18,memory.CD4.T.cells,0.02146518403567263
FIAS5,S18,memory.CD8.T.cells,0.003938707136434229
FIAS5,S19,NK.cells,0.025049436553984776
FIAS5,S19,macrophages,0.005279111155024512
FIAS5,S19,memory.B.cells,0.002159171508803644
FIAS5,S19,monocytes,0.003912806131356684
FIAS5,S19,myeloid.dendritic.cells,0.015213981132411293
FIAS5,S19,naive.B.cells,0.006759413284764807
FIAS5,S19,naive.CD4.T.cells,0.004411033552272879
FIAS5,S19,naive.CD8.T.cells,0.005998283833243204
FIAS5,S19,neutrophils,0.011970775994912015
FIAS5,S19,regulatory.T.cells,0.0034674189685090402
FIAS5,S19,endothelial.cells,0.008642649438937403
FIAS5,S19,fibroblasts,0.006670575989071153
FIAS5,S19,memory.CD4.T.cells,0.021976781683141967
FIAS5,S19,memory.CD8.T.cells,0.004004897272223272
FIAS5,S20,NK.cells,0.025811123049368424
FIAS5,S20,macrophages,0.005024659802798405
FIAS5,S20,memory.B.cells,0.0022106146140347645
FIAS5,S20,monocytes,0.004255555409954026
FIAS5,S20,myeloid.dendritic.cells,0.013280165827542937
FIAS5,S20,naive.B.cells,0.0064499003606818825
FIAS5,S20,naive.CD4.T.cells,0.004432533599655597
FIAS5,S20,naive.CD8.T.cells,0.006071096454705727
FIAS5,S20,neutrophils,0.01113142733606417
FIAS5,S20,regulatory.T.cells,0.0033943924302965995
FIAS5,S20,endothelial.cells,0.008395393384080758
FIAS5,S20,fibroblasts,0.0065667892704745785
FIAS5,S20,memory.CD4.T.cells,0.021930427843155856
FIAS5,S20,memory.CD8.T.cells,0.004129306234244575
FIAS5,S21,NK.cells,0.02370603318948265
FIAS5,S21,macrophages,0.005725042533134253
FIAS5,S21,memory.B.cells,0.0023034568836098153
FIAS5,S21,monocytes,0.004411465927457451
FIAS5,S21,myeloid.dendritic.cells,0.010510016790842599
FIAS5,S21,naive.B.cells,0.006500097222616372
FIAS5,S21,naive.CD4.T.cells,0.00438501367256964
FIAS5,S21,naive.CD8.T.cells,0.005857660471219141
FIAS5,S21,neutrophils,0.016469779601936525
FIAS5,S21,regulatory.T.cells,0.0035450446064050284
FIAS5,S21,endothelial.cells,0.009164562890944732
FIAS5,S21,fibroblasts,0.00686449525013361
FIAS5,S21,memory.CD4.T.cells,0.0207255782778642
FIAS5,S21,memory.CD8.T.cells,0.0038129990826637756
FIAS5,S22,NK.cells,0.020519601650311955
FIAS5,S22,macrophages,0.00588085883552861
FIAS5,S22,memory.B.cells,0.0023110167774281604
FIAS5,S22,monocytes,0.004957439316064121
FIAS5,S22,myeloid.dendritic.cells,0.01146481883810269
FIAS5,S22,naive.B.cells,0.006742431719571865
FIAS5,S22,naive.CD4.T.cells,0.004409175554015498
FIAS5,S22,naive.CD8.T.cells,0.005556024646462811
FIAS5,S22,neutrophils,0.016558415768716087
FIAS5,S22,regulatory.T.cells,0.0033668020986256583
FIAS5,S22,endothelial.cells,0.009482441331413922
FIAS5,S22,fibroblasts,0.006841121532494259
FIAS5,S22,memory.CD4.T.cells,0.01961001120697663
FIAS5,S22,memory.CD8.T.cells,0.00339141277994897
FIAS5,S23,NK.cells,0.024426889175729136
FIAS5,S23,macrophages,0.005091757006075613
FIAS5,S23,memory.B.cells,0.0022818960601613428
FIAS5,S23,monocytes,0.005148550465975839
FIAS5,S23,myeloid.dendritic.cells,0.01142251927150636
FIAS5,S23,naive.B.cells,0.006194802656359834
FIAS5,S23,naive.CD4.T.cells,0.004462807625013944
FIAS5,S23,naive.CD8.T.cells,0.005681002081823515
FIAS5,S23,neutrophils,0.011406623580294244
FIAS5,S23,regulatory.T.cells,0.0034734912175703376
FIAS5,S23,endothelial.cells,0.008954020731187213
FIAS5,S23,fibroblasts,0.006203587690184273
FIAS5,S23,memory.CD4.T.cells,0.020784554964782757
FIAS5,S23,memory.CD8.T.cells,0.00397517556697451
FIAS5,S24,NK.cells,0.01206330881171816
FIAS5,S24,macrophages,0.006065281386839287
FIAS5,S24,memory.B.cells,0.002249731951842294
FIAS5,S24,monocytes,0.004238012003328442
FIAS5,S24,myeloid.dendritic.cells,0.01418145213562688
FIAS5,S24,naive.B.cells,0.006905091449602668
FIAS5,S24,naive.CD4.T.cells,0.004468225340522638
FIAS5,S24,naive.CD8.T.cells,0.0053916182481579915
FIAS5,S24,neutrophils,0.01758284630690023
FIAS5,S24,regulatory.T.cells,0.003350264045969676
FIAS5,S24,endothelial.cells,0.009404462617554808
FIAS5,S24,fibroblasts,0.007232497829112082
FIAS5,S24,memory.CD4.T.cells,0.018712899275206123
FIAS5,S24,memory.CD8.T.cells,0.002348565426698019
FIAS5,S25,NK.cells,0.012999306675512272
FIAS5,S25,macrophages,0.006063350796806245
FIAS5,S25,memory.B.cells,0.0022573847855767637
FIAS5,S25,monocytes,0.004150735004820263
FIAS5,S25,myeloid.dendritic.cells,0.013959142579826332
FIAS5,S25,naive.B.cells,0.006905888507048425
FIAS5,S25,naive.CD4.T.cells,0.0044417844305920115
FIAS5,S25,naive.CD8.T.cells,0.005413423038563394
FIAS5,S25,neutrophils,0.017704619082944992
FIAS5,S25,regulatory.T.cells,0.003348116290357664
FIAS5,S25,endothelial.cells,0.009378720399835548
FIAS5,S25,fibroblasts,0.0072441980025207174
FIAS5,S25,memory.CD4.T.cells,0.01866014683928524
FIAS5,S25,memory.CD8.T.cells,0.002435748674048691
FIAS6,S1,NK.cells,0.019851180680390407
FIAS6,S1,macrophages,0.019545548493657746
FIAS6,S1,memory.B.cells,0.002860130215280768
FIAS6,S1,monocytes,0.00835315898610481
FIAS6,S1,myeloid.dendritic.cells,0.015205790396197362
FIAS6,S1,naive.B.cells,0.0059888937511932356
FIAS6,S1,naive.CD4.T.cells,0.005489298572069689
FIAS6,S1,naive.CD8.T.cells,0.005446666622771727
FIAS6,S1,neutrophils,0.0160852828014248
FIAS6,S1,regulatory.T.cells,0.005471802581256687
FIAS6,S1,endothelial.cells,0.01857674791822036
FIAS6,S1,fibroblasts,0.02003827824816589
FIAS6,S1,memory.CD4.T.cells,0.01657864446368125
FIAS6,S1,memory.CD8.T.cells,0.0036455800894280707
FIAS6,S2,NK.cells,0.017495367834553344
FIAS6,S2,macrophages,0.020726289848985835
FIAS6,S2,memory.B.cells,0.0029227092991919983
FIAS6,S2,monocytes,0.008010238021618512
FIAS6,S2,myeloid.dendritic.cells,0.012476970850420158
FIAS6,S2,naive.B.cells,0.0063462457110631965
FIAS6,S2,naive.CD4.T.cells,0.0057562635453797875
FIAS6,S2,naive.CD8.T.cells,0.005318506974413672
FIAS6,S2,neutrophils,0.024511715063843628
FIAS6,S2,regulatory.T.cells,0.005570452643399408
FIAS6,S2,endothelial.cells,0.019550179250336096
FIAS6,S2,fibroblasts,0.021160603525011448
FIAS6,S2,memory.CD4.T.cells,0.016563719397645418
FIAS6,S2,memory.CD8.T.cells,0.003350020689147563
FIAS6,S3,NK.cells,0.02001706912822207
FIAS6,S3,macrophages,0.02022568688640035
FIAS6,S3,memory.B.cells,0.0029060822091804177
FIAS6,S3,monocytes,0.008033147177904822
FIAS6,S3,myeloid.dendritic.cells,0.013569820210044076
FIAS6,S3,naive.B.cells,0.006156629454887178
FIAS6,S3,naive.CD4.T.cells,0.005690215647435341
FIAS6,S3,naive.CD8.T.cells,0.005799942926627259
FIAS6,S3,neutrophils,0.01795329862430726
FIAS6,S3,regulatory.T.cells,0.005782414209996246
FIAS6,S3,endothelial.cells,0.01917797666122366
FIAS6,S3,fibroblasts,0.021150765494586287
FIAS6,S3,memory.CD4.T.cells,0.018572146593610436
FIAS6,S3,memory.CD8.T.cells,0.00412324151154917
FIAS6,S4,NK.cells,0.01748110628352078
FIAS6,S4,macrophages,0.020708365804864903
FIAS6,S4,memory.B.cells,0.002995638525754696
FIAS6,S4,monocytes,0.007862556384330144
FIAS6,S4,myeloid.dendritic.cells,0.0124219452035448
FIAS6,S4,naive.B.cells,0.007045945017771141
FIAS6,S4,naive.CD4.T.cells,0.005494647991682033
FIAS6,S4,naive.CD8.T.cells,0.005162538870912792
FIAS6,S4,neutrophils,0.024417244970541162
FIAS6,S4,regulatory.T.cells,0.005589239181449791
FIAS6,S4,endothelial.cells,0.019580540072381032
FIAS6,S4,fibroblasts,0.02114115463797271
FIAS6,S4,memory.CD4.T.cells,0.01600880539048412
FIAS6,S4,memory.CD8.T.cells,0.0033764453937660016
FIAS6,S5,NK.cells,0.021434901877650587
FIAS6,S5,macrophages,0.018887920214156285
FIAS6,S5,memory.B.cells,0.004618756077721077
FIAS6,S5,monocytes,0.007441702695153342
FIAS6,S5,myeloid.dendritic.cells,0.013766580793078466
FIAS6,S5,naive.B.cells,0.007787342394821043
FIAS6,S5,naive.CD4.T.cells,0.00619096249727384
FIAS6,S5,naive.CD8.T.cells,0.006270560764245793
FIAS6,S5,neutrophils,0.015151441512281576
FIAS6,S5,regulatory.T.cells,0.006020111445507293
FIAS6,S5,endothelial.cells,0.018614131595648956
FIAS6,S5,fibroblasts,0.019452486083698914
FIAS6,S5,memory.CD4.T.cells,0.020123437074111076
FIAS6,S5,memory.CD8.T.cells,0.0042673851425702675
FIAS6,S6,NK.cells,0.018407198470831276
FIAS6,S6,macrophages,0.019882828576427074
FIAS6,S6,memory.B.cells,0.0030124909124284774
FIAS6,S6,monocytes,0.006534075039060595
FIAS6,S6,myeloid.dendritic.cells,0.012191917275718738
FIAS6,S6,naive.B.cells,0.006446205079899798
FIAS6,S6,naive.CD4.T.cells,0.006533735085151679
FIAS6,S6,naive.CD8.T.cells,0.006357905029527983
FIAS6,S6,neutrophils,0.019627502507919517
FIAS6,S6,regulatory.T.cells,0.006503165132912648
FIAS6,S6,endothelial.cells,0.018450117901454358
FIAS6,S6,fibroblasts,0.021008806839419584
FIAS6,S6,memory.CD4.T.cells,0.021812620709327518
FIAS6,S6,memory.CD8.T.cells,0.004128517761529708
FIAS6,S7,NK.cells,0.01868529446981674
FIAS6,S7,macrophages,0.01925264593522903
FIAS6,S7,memory.B.cells,0.0032324427183264733
FIAS6,S7,monocytes,0.00586591912690127
FIAS6,S7,myeloid.dendritic.cells,0.012449076355113234
FIAS6,S7,naive.B.cells,0.006448074136780632
FIAS6,S7,naive.CD4.T.cells,0.007044722693280498
FIAS6,S7,naive.CD8.T.cells,0.006669266532271176
FIAS6,S7,neutrophils,0.016048308429270106
FIAS6,S7,regulatory.T.cells,0.007012600081482531
FIAS6,S7,endothelial.cells,0.017962790581468713
FIAS6,S7,fibroblasts,0.020777512955838958
FIAS6,S7,memory.CD4.T.cells,0.02474248584951778
FIAS6,S7,memory.CD8.T.cells,0.004436098348966128
FIAS6,S8,NK.cells,0.015691824775928932
FIAS6,S8,macrophages,0.018434112098228973
FIAS6,S8,memory.B.cells,0.0031069340168996097
FIAS6,S8,monocytes,0.00625158079205346
FIAS6,S8,myeloid.dendritic.cells,0.013294522382779925
FIAS6,S8,naive.B.cells,0.011036508265881812
FIAS6,S8,naive.CD4.T.cells,0.005136654498433392
FIAS6,S8,naive.CD8.T.cells,0.004835247959311191
FIAS6,S8,neutrophils,0.015063138982196472
FIAS6,S8,regulatory.T.cells,0.005161882661551091
FIAS6,S8,endothelial.cells,0.017878532666963036
FIAS6,S8,fibroblasts,0.019425954999203
FIAS6,S8,memory.CD4.T.cells,0.015333986620799317
FIAS6,S8,memory.CD8.T.cells,0.0030139403027254416
FIAS6,S9,NK.cells,0.01776718769320204
FIAS6,S9,macrophages,0.020973738896724645
FIAS6,S9,memory.B.cells,0.0029314824750712658
FIAS6,S9,monocytes,0.007826377092509215
FIAS6,S9,myeloid.dendritic.cells,0.01206591866199218
FIAS6,S9,naive.B.cells,0.006400932968599731
FIAS6,S9,naive.CD4.T.cells,0.005796353314382961
FIAS6,S9,naive.CD8.T.cells,0.0058499305541855505
FIAS6,S9,neutrophils,0.02592263777642359
FIAS6,S9,regulatory.T.cells,0.005486783901556917
FIAS6,S9,endothelial.cells,0.01962105776915753
FIAS6,S9,fibroblasts,0.021390667715459277
FIAS6,S9,memory.CD4.T.cells,0.016524216202877858
FIAS6,S9,memory.CD8.T.cells,0.0035384929033688527
FIAS6,S10,NK.cells,0.015716969077844718
FIAS6,S10,macrophages,0.01824370115482153
FIAS6,S10,memory.B.cells,0.003159697170566555
FIAS6,S10,monocytes,0.005676901192934268
FIAS6,S10,myeloid.dendritic.cells,0.012880608482280979
FIAS6,S10,naive.B.cells,0.010836074654364682
FIAS6,S10,naive.CD4.T.cells,0.005497652064560702
FIAS6,S10,naive.CD8.T.cells,0.004985505475387967
FIAS6,S10,neutrophils,0.01497836961649705
FIAS6,S10,regulatory.T.cells,0.0056759301598292245
FIAS6,S10,endothelial.cells,0.017551002018797245
FIAS6,S10,fibroblasts,0.019382488806994166
FIAS6,S10,memory.CD4.T.cells,0.017439632240700848
FIAS6,S10,memory.CD8.T.cells,0.003198686679137485
FIAS6,S11,NK.cells,0.01883844316897769
FIAS6,S11,macrophages,0.018788284657777328
FIAS6,S11,memory.B.cells,0.0029069156887801513
FIAS6,S11,monocytes,0.005901653745900725
FIAS6,S11,myeloid.dendritic.cells,0.012025454197233575
FIAS6,S11,naive.B.cells,0.006076825620807534
FIAS6,S11,naive.CD4.T.cells,0.007111411688363848
FIAS6,S11,naive.CD8.T.cells,0.0069896365276217376
FIAS6,S11,neutrophils,0.015801269431317464
FIAS6,S11,regulatory.T.cells,0.007516415226594417
FIAS6,S11,endothelial.cells,0.017642038381310628
FIAS6,S11,fibroblasts,0.020229499608418407
FIAS6,S11,memory.CD4.T.cells,0.02599732132172632
FIAS6,S11,memory.CD8.T.cells,0.005080131421195201
FIAS6,S12,NK.cells,0.017165445258813566
FIAS6,S12,macrophages,0.019536783325117855
FIAS6,S12,memory.B.cells,0.0028518513818760445
FIAS6,S12,monocytes,0.009674416894421792
FIAS6,S12,myeloid.dendritic.cells,0.013809672723171039
FIAS6,S12,naive.B.cells,0.0061280840480453245
FIAS6,S12,naive.CD4.T.cells,0.005268844065708052
FIAS6,S12,naive.CD8.T.cells,0.005156350178598034
FIAS6,S12,neutrophils,0.016469595230834085
FIAS6,S12,regulatory.T.cells,0.005603590337515798
FIAS6,S12,endothelial.cells,0.019657374539007337
FIAS6,S12,fibroblasts,0.020628545233779785
FIAS6,S12,memory.CD4.T.cells,0.015539988276837587
FIAS6,S12,memory.CD8.T.cells,0.0033963044539154943
FIAS6,S13,NK.cells,0.017931611177192257
FIAS6,S13,macrophages,0.018562575337411045
FIAS6,S13,memory.B.cells,0.0029361109847415466
FIAS6,S13,monocytes,0.0059628561487622125
FIAS6,S13,myeloid.dendritic.cells,0.012152132791887017
FIAS6,S13,naive.B.cells,0.006040227758813034
FIAS6,S13,naive.CD4.T.cells,0.007475157562991259
FIAS6,S13,naive.CD8.T.cells,0.008828661113161568
FIAS6,S13,neutrophils,0.01558292019738936
FIAS6,S13,regulatory.T.cells,0.006266921681818413
FIAS6,S13,endothelial.cells,0.017449840218541728
FIAS6,S13,fibroblasts,0.02024457501543957
FIAS6,S13,memory.CD4.T.cells,0.023557172509482405
FIAS6,S13,memory.CD8.T.cells,0.004023571261436098
FIAS6,S14,NK.cells,0.025110029331017737
FIAS6,S14,macrophages,0.018744366001754165
FIAS6,S14,memory.B.cells,0.002862372450556335
FIAS6,S14,monocytes,0.005866245866865403
FIAS6,S14,myeloid.dendritic.cells,0.01350327604240787
FIAS6,S14,naive.B.cells,0.006046097409451063
FIAS6,S14,naive.CD4.T.cells,0.007091849313158754
FIAS6,S14,naive.CD8.T.cells,0.00671045529518364
FIAS6,S14,neutrophils,0.01571523411053155
FIAS6,S14,regulatory.T.cells,0.006120326211639821
FIAS6,S14,endothelial.cells,0.017444728953724436
FIAS6,S14,fibroblasts,0.020490276236648827
FIAS6,S14,memory.CD4.T.cells,0.023274889941539832
FIAS6,S14,memory.CD8.T.cells,0.004297993959722361
FIAS6,S15,NK.cells,0.01625502095270687
FIAS6,S15,macrophages,0.01983881749468371
FIAS6,S15,memory.B.cells,0.00284364998301101
FIAS6,S15,monocytes,0.009135290800976088
FIAS6,S15,myeloid.dendritic.cells,0.01429092744723177
FIAS6,S15,naive.B.cells,0.006706471386001455
FIAS6,S15,naive.CD4.T.cells,0.005329145713609202
FIAS6,S15,naive.CD8.T.cells,0.005189245918436779
FIAS6,S15,neutrophils,0.015798392600114418
FIAS6,S15,regulatory.T.cells,0.00523473657893189
FIAS6,S15,endothelial.cells,0.019638466443989262
FIAS6,S15,fibroblasts,0.019888517204917355
FIAS6,S15,memory.CD4.T.cells,0.01577669094089844
FIAS6,S15,memory.CD8.T.cells,0.003336186291393797
FIAS6,S16,NK.cells,0.016319173348896335
FIAS6,S16,macrophages,0.019637287316096604
FIAS6,S16,memory.B.cells,0.002848137158888239
FIAS6,S16,monocytes,0.008329066507945909
FIAS6,S16,myeloid.dendritic.cells,0.014415087114874525
FIAS6,S16,naive.B.cells,0.0059777392675116215
FIAS6,S16,naive.CD4.T.cells,0.0058763146497831185
FIAS6,S16,naive.CD8.T.cells,0.005376495226917811
FIAS6,S16,neutrophils,0.016240877909054333
FIAS6,S16,regulatory.T.cells,0.005581976408877071
FIAS6,S16,endothelial.cells,0.018667204825943882
FIAS6,S16,fibroblasts,0.020158172380771305
FIAS6,S16,memory.CD4.T.cells,0.017182105094768692
FIAS6,S16,memory.CD8.T.cells,0.003203225346009707
FIAS6,S17,NK.cells,0.02519136061075573
FIAS6,S17,macrophages,0.019256269562433943
FIAS6,S17,memory.B.cells,0.0028220748129623376
FIAS6,S17,monocytes,0.006428824928132547
FIAS6,S17,myeloid.dendritic.cells,0.01409631454031804
FIAS6,S17,naive.B.cells,0.006051168371017711
FIAS6,S17,naive.CD4.T.cells,0.006361046209566334
FIAS6,S17,naive.CD8.T.cells,0.007234590675007911
FIAS6,S17,neutrophils,0.017670742289064675
FIAS6,S17,regulatory.T.cells,0.005756883651691011
FIAS6,S17,endothelial.cells,0.01796903707239082
FIAS6,S17,fibroblasts,0.02062475201754531
FIAS6,S17,memory.CD4.T.cells,0.020812023442381047
FIAS6,S17,memory.CD8.T.cells,0.004648334610777068
FIAS6,S18,NK.cells,0.021566959181825305
FIAS6,S18,macrophages,0.019398945527306217
FIAS6,S18,memory.B.cells,0.002826605428839103
FIAS6,S18,monocytes,0.007202103879642631
FIAS6,S18,myeloid.dendritic.cells,0.014614400220036676
FIAS6,S18,naive.B.cells,0.005988013463455884
FIAS6,S18,naive.CD4.T.cells,0.006191635156330276
FIAS6,S18,naive.CD8.T.cells,0.006713457242729023
FIAS6,S18,neutrophils,0.016179346069300528
FIAS6,S18,regulatory.T.cells,0.005689944618990127
FIAS6,S18,endothelial.cells,0.018153735150212732
FIAS6,S18,fibroblasts,0.020405685062623094
FIAS6,S18,memory.CD4.T.cells,0.019445039096908895
FIAS6,S18,memory.CD8.T.cells,0.004146134197095438
FIAS6,S19,NK.cells,0.015752243400688485
FIAS6,S19,macrophages,0.01834323344571234
FIAS6,S19,memory.B.cells,0.003748181410851221
FIAS6,S19,monocytes,0.005929258723149502
FIAS6,S19,myeloid.dendritic.cells,0.013088412431118657
FIAS6,S19,naive.B.cells,0.010614725897706602
FIAS6,S19,naive.CD4.T.cells,0.005000971537260941
FIAS6,S19,naive.CD8.T.cells,0.004919111433438329
FIAS6,S19,neutrophils,0.01528923614101346
FIAS6,S19,regulatory.T.cells,0.005744202865102856
FIAS6,S19,endothelial.cells,0.017761755863099426
FIAS6,S19,fibroblasts,0.019234920044080516
FIAS6,S19,memory.CD4.T.cells,0.015388749232225022
FIAS6,S19,memory.CD8.T.cells,0.0030191111244138318
FIAS6,S20,NK.cells,0.017456063024898712
FIAS6,S20,macrophages,0.0206792698713577
FIAS6,S20,memory.B.cells,0.0029208143718484447
FIAS6,S20,monocytes,0.008577884618328417
FIAS6,S20,myeloid.dendritic.cells,0.013508054099529649
FIAS6,S20,naive.B.cells,0.006217070975573592
FIAS6,S20,naive.CD4.T.cells,0.005695133287941326
FIAS6,S20,naive.CD8.T.cells,0.005518988381518965
FIAS6,S20,neutrophils,0.02008371072889601
FIAS6,S20,regulatory.T.cells,0.005498538918866795
FIAS6,S20,endothelial.cells,0.019574953918151443
FIAS6,S20,fibroblasts,0.021144531330923984
FIAS6,S20,memory.CD4.T.cells,0.016724348979507943
FIAS6,S20,memory.CD8.T.cells,0.0035318535318023796
FIAS6,S21,NK.cells,0.017563266796111563
FIAS6,S21,macrophages,0.019586180739291817
FIAS6,S21,memory.B.cells,0.003257193152085868
FIAS6,S21,monocytes,0.00866492872994425
FIAS6,S21,myeloid.dendritic.cells,0.012823350635090183
FIAS6,S21,naive.B.cells,0.006357516313131489
FIAS6,S21,naive.CD4.T.cells,0.0054857845212865864
FIAS6,S21,naive.CD8.T.cells,0.005212862425429458
FIAS6,S21,neutrophils,0.01654498819482793
FIAS6,S21,regulatory.T.cells,0.005658781263005
FIAS6,S21,endothelial.cells,0.018341935453190995
FIAS6,S21,fibroblasts,0.02046456154927582
FIAS6,S21,memory.CD4.T.cells,0.01634058966697915
FIAS6,S21,memory.CD8.T.cells,0.003526618764552924
FIAS6,S22,NK.cells,0.024164056744015318
FIAS6,S22,macrophages,0.018763352315636476
FIAS6,S22,memory.B.cells,0.002832462641778095
FIAS6,S22,monocytes,0.005937216652097591
FIAS6,S22,myeloid.dendritic.cells,0.012296610499857965
FIAS6,S22,naive.B.cells,0.005983721970095315
FIAS6,S22,naive.CD4.T.cells,0.006102893202329416
FIAS6,S22,naive.CD8.T.cells,0.007157020635598654
FIAS6,S22,neutrophils,0.016078984730485933
FIAS6,S22,regulatory.T.cells,0.006595843647976561
FIAS6,S22,endothelial.cells,0.017556619059838702
FIAS6,S22,fibroblasts,0.02040983690889229
FIAS6,S22,memory.CD4.T.cells,0.023960441613592436
FIAS6,S22,memory.CD8.T.cells,0.005696771207715143
FIAS6,S23,NK.cells,0.017490622784196587
FIAS6,S23,macrophages,0.019860008848321162
FIAS6,S23,memory.B.cells,0.0029371484413933395
FIAS6,S23,monocytes,0.008735737379896427
FIAS6,S23,myeloid.dendritic.cells,0.01394773485707639
FIAS6,S23,naive.B.cells,0.006017462511549175
FIAS6,S23,naive.CD4.T.cells,0.0056243509984465
FIAS6,S23,naive.CD8.T.cells,0.005164226262455044
FIAS6,S23,neutrophils,0.016036937595024472
FIAS6,S23,regulatory.T.cells,0.005947526379393353
FIAS6,S23,endothelial.cells,0.019056912262277292
FIAS6,S23,fibroblasts,0.02021666856370641
FIAS6,S23,memory.CD4.T.cells,0.018181665672454887
FIAS6,S23,memory.CD8.T.cells,0.0038598478807953455
FIAS6,S24,NK.cells,0.019763485260202388
FIAS6,S24,macrophages,0.019230635282350802
FIAS6,S24,memory.B.cells,0.003021414591402059
FIAS6,S24,monocytes,0.006364702423000272
FIAS6,S24,myeloid.dendritic.cells,0.013571221732825843
FIAS6,S24,naive.B.cells,0.005981534849344845
FIAS6,S24,naive.CD4.T.cells,0.006838443759064101
FIAS6,S24,naive.CD8.T.cells,0.006153069259309289
FIAS6,S24,neutrophils,0.015552892684382699
FIAS6,S24,regulatory.T.cells,0.0075104685105436475
FIAS6,S24,endothelial.cells,0.017884009909304843
FIAS6,S24,fibroblasts,0.020325006914533907
FIAS6,S24,memory.CD4.T.cells,0.025716572319660565
FIAS6,S24,memory.CD8.T.cells,0.004961670877187705
FIAS6,S25,NK.cells,0.025330096394605473
FIAS6,S25,macrophages,0.01856571326348282
FIAS6,S25,memory.B.cells,0.0028020596259180916
FIAS6,S25,monocytes,0.005743180898223221
FIAS6,S25,myeloid.dendritic.cells,0.01205458424645598
FIAS6,S25,naive.B.cells,0.005963497481472942
FIAS6,S25,naive.CD4.T.cells,0.006045133969119603
FIAS6,S25,naive.CD8.T.cells,0.0075445316246737
FIAS6,S25,neutrophils,0.015255954133794613
FIAS6,S25,regulatory.T.cells,0.006409543755858942
FIAS6,S25,endothelial.cells,0.01739318918577124
FIAS6,S25,fibroblasts,0.02042089064887375
FIAS6,S25,memory.CD4.T.cells,0.024011922388819384
FIAS6,S25,memory.CD8.T.cells,0.005877220121037248
FIAS6,S26,NK.cells,0.016595087022060747
FIAS6,S26,macrophages,0.0191875726363384
FIAS6,S26,memory.B.cells,0.0031909125045276564
FIAS6,S26,monocytes,0.005657624130812243
FIAS6,S26,myeloid.dendritic.cells,0.01207730418344932
FIAS6,S26,naive.B.cells,0.006113690628884372
FIAS6,S26,naive.CD4.T.cells,0.007332049044024814
FIAS6,S26,naive.CD8.T.cells,0.0058376476411675276
FIAS6,S26,neutrophils,0.015478529854512034
FIAS6,S26,regulatory.T.cells,0.008102584803062737
FIAS6,S26,endothelial.cells,0.017606395913355256
FIAS6,S26,fibroblasts,0.02053524183796702
FIAS6,S26,memory.CD4.T.cells,0.02727090555896647
FIAS6,S26,memory.CD8.T.cells,0.00431909259752483
FIAS6,S27,NK.cells,0.022328417308309745
FIAS6,S27,macrophages,0.0207648526105582
FIAS6,S27,memory.B.cells,0.0030902336363411013
FIAS6,S27,monocytes,0.006150247056033219
FIAS6,S27,myeloid.dendritic.cells,0.013414332522505432
FIAS6,S27,naive.B.cells,0.006514125604316367
FIAS6,S27,naive.CD4.T.cells,0.006493682439737873
FIAS6,S27,naive.CD8.T.cells,0.006104849081387272
FIAS6,S27,neutrophils,0.01714307062117606
FIAS6,S27,regulatory.T.cells,0.007163876572888433
FIAS6,S27,endothelial.cells,0.018598543852773885
FIAS6,S27,fibroblasts,0.02267976162969371
FIAS6,S27,memory.CD4.T.cells,0.02528679802251897
FIAS6,S27,memory.CD8.T.cells,0.004952020213499621
FIAS6,S28,NK.cells,0.01908224835274932
FIAS6,S28,macrophages,0.019735300152493668
FIAS6,S28,memory.B.cells,0.0030767163025950295
FIAS6,S28,monocytes,0.0069560820439813695
FIAS6,S28,myeloid.dendritic.cells,0.013875432263652385
FIAS6,S28,naive.B.cells,0.008232938384208943
FIAS6,S28,naive.CD4.T.cells,0.005674852924263663
FIAS6,S28,naive.CD8.T.cells,0.005310651725138131
FIAS6,S28,neutrophils,0.016003813901281326
FIAS6,S28,regulatory.T.cells,0.005993050787136903
FIAS6,S28,endothelial.cells,0.018478464735100165
FIAS6,S28,fibroblasts,0.020914002803383163
FIAS6,S28,memory.CD4.T.cells,0.018960926216795567
FIAS6,S28,memory.CD8.T.cells,0.003853863045371823
FIAS6,S29,NK.cells,0.019105693810246297
FIAS6,S29,macrophages,0.018435190406163336
FIAS6,S29,memory.B.cells,0.0030938433484300363
FIAS6,S29,monocytes,0.006197448866658489
FIAS6,S29,myeloid.dendritic.cells,0.014009384317750753
FIAS6,S29,naive.B.cells,0.009957929433460343
FIAS6,S29,naive.CD4.T.cells,0.005388266150366424
FIAS6,S29,naive.CD8.T.cells,0.005398308369420352
FIAS6,S29,neutrophils,0.015174095819736014
FIAS6,S29,regulatory.T.cells,0.005419995785873486
FIAS6,S29,endothelial.cells,0.01766664619904735
FIAS6,S29,fibroblasts,0.01953698772824334
FIAS6,S29,memory.CD4.T.cells,0.016424414304921354
FIAS6,S29,memory.CD8.T.cells,0.0034988815822391693
FIAS6,S30,NK.cells,0.017938724994778846
FIAS6,S30,macrophages,0.018995997017743953
FIAS6,S30,memory.B.cells,0.003002413039394885
FIAS6,S30,monocytes,0.005686117119482771
FIAS6,S30,myeloid.dendritic.cells,0.012555122841859048
FIAS6,S30,naive.B.cells,0.007084535065038659
FIAS6,S30,naive.CD4.T.cells,0.007280457643403206
FIAS6,S30,naive.CD8.T.cells,0.007287768223734791
FIAS6,S30,neutrophils,0.01605289001739497
FIAS6,S30,regulatory.T.cells,0.006204798239781594
FIAS6,S30,endothelial.cells,0.017806304954903065
FIAS6,S30,fibroblasts,0.020685856470662612
FIAS6,S30,memory.CD4.T.cells,0.023146350728933503
FIAS6,S30,memory.CD8.T.cells,0.003919158152855997
FIVA1,S1,NK.cells,0.0020175838908239254
FIVA1,S1,macrophages,0.0386472336335037
FIVA1,S1,memory.B.cells,0.004528832795054367
FIVA1,S1,monocytes,0.005458876963741118
FIVA1,S1,myeloid.dendritic.cells,0.02948716502756624
FIVA1,S1,naive.B.cells,0.010223719201721973
FIVA1,S1,naive.CD4.T.cells,0.007291084518297619
FIVA1,S1,naive.CD8.T.cells,0.008665142252360324
FIVA1,S1,neutrophils,0.02371489324939596
FIVA1,S1,regulatory.T.cells,0.009768275960122958
FIVA1,S1,endothelial.cells,0.030463480963337147
FIVA1,S1,fibroblasts,0.029353276055753514
FIVA1,S1,memory.CD4.T.cells,0.02554049063898112
FIVA1,S1,memory.CD8.T.cells,0.0024350209058005053
FIVA1,S2,NK.cells,0.019125617928068425
FIVA1,S2,macrophages,0.03416103356972786
FIVA1,S2,memory.B.cells,0.0036853422025099236
FIVA1,S2,monocytes,0.0034721819211401424
FIVA1,S2,myeloid.dendritic.cells,0.028369634925369328
FIVA1,S2,naive.B.cells,0.008499709274795847
FIVA1,S2,naive.CD4.T.cells,0.0067732886200331565
FIVA1,S2,naive.CD8.T.cells,0.004970011034399328
FIVA1,S2,neutrophils,0.018984303829120325
FIVA1,S2,regulatory.T.cells,0.005276542614730648
FIVA1,S2,endothelial.cells,0.023602496661392688
FIVA1,S2,fibroblasts,0.026720028358174493
FIVA1,S2,memory.CD4.T.cells,0.019956201083010546
FIVA1,S2,memory.CD8.T.cells,0.003970439561302287
FIVA1,S3,NK.cells,0.003961532477777828
FIVA1,S3,macrophages,0.026458604293627296
FIVA1,S3,memory.B.cells,0.003971620019515194
FIVA1,S3,monocytes,0.011380244161250672
FIVA1,S3,myeloid.dendritic.cells,0.015447136444671406
FIVA1,S3,naive.B.cells,0.007924791662395634
FIVA1,S3,naive.CD4.T.cells,0.005950479460073228
FIVA1,S3,naive.CD8.T.cells,0.005741811501035621
FIVA1,S3,neutrophils,0.021524110592689306
FIVA1,S3,regulatory.T.cells,0.007548632874691116
FIVA1,S3,endothelial.cells,0.021712440621556115
FIVA1,S3,fibroblasts,0.024939595298840184
FIVA1,S3,memory.CD4.T.cells,0.0159963144557603
FIVA1,S3,memory.CD8.T.cells,0.001932994719617091
FIVA1,S4,NK.cells,0.03955647244598614
FIVA1,S4,macrophages,0.013240552722363172
FIVA1,S4,memory.B.cells,0.003175870241956245
FIVA1,S4,monocytes,0.002728819714891379
FIVA1,S4,myeloid.dendritic.cells,0.00964406933945067
FIVA1,S4,naive.B.cells,0.00739304626489485
FIVA1,S4,naive.CD4.T.cells,0.006901708727353576
FIVA1,S4,naive.CD8.T.cells,0.005554026302774106
FIVA1,S4,neutrophils,0.019512785010511065
FIVA1,S4,regulatory.T.cells,0.004203990539232001
FIVA1,S4,endothelial.cells,0.014332833798252167
FIVA1,S4,fibroblasts,0.020841421733360285
FIVA1,S4,memory.CD4.T.cells,0.022035496224506384
FIVA1,S4,memory.CD8.T.cells,0.006882283633201573
FIVA1,S5,NK.cells,0.04389924787901664
FIVA1,S5,macrophages,0.007591570813399473
FIVA1,S5,memory.B.cells,0.002969115174693598
FIVA1,S5,monocytes,0.0033455236087445604
FIVA1,S5,myeloid.dendritic.cells,0.005668144115813948
FIVA1,S5,naive.B.cells,0.008415886024843435
FIVA1,S5,naive.CD4.T.cells,0.007081708212099941
FIVA1,S5,naive.CD8.T.cells,0.006090736977840449
FIVA1,S5,neutrophils,0.019714080462805827
FIVA1,S5,regulatory.T.cells,0.0033708057400873466
FIVA1,S5,endothelial.cells,0.011470611609151849
FIVA1,S5,fibroblasts,0.01977716216112924
FIVA1,S5,memory.CD4.T.cells,0.02439981736324286
FIVA1,S5,memory.CD8.T.cells,0.008327041734424305
FIVA1,S6,NK.cells,0.0443361648443377
FIVA1,S6,macrophages,0.007855288344026658
FIVA1,S6,memory.B.cells,0.003016136987111412
FIVA1,S6,monocytes,0.0028597427347827045
FIVA1,S6,myeloid.dendritic.cells,0.005391866124882181
FIVA1,S6,naive.B.cells,0.007787453848259033
FIVA1,S6,naive.CD4.T.cells,0.00702729637459821
FIVA1,S6,naive.CD8.T.cells,0.0059465144839785464
FIVA1,S6,neutrophils,0.01972518252013104
FIVA1,S6,regulatory.T.cells,0.003692987361240145
FIVA1,S6,endothelial.cells,0.01182838234200006
FIVA1,S6,fibroblasts,0.01960374074932546
FIVA1,S6,memory.CD4.T.cells,0.023624060157319632
FIVA1,S6,memory.CD8.T.cells,0.007984396151750749
FIVA1,S7,NK.cells,0.010258942723905796
FIVA1,S7,macrophages,0.026510642271111762
FIVA1,S7,memory.B.cells,0.0037008207514833366
FIVA1,S7,monocytes,0.009907841328707841
FIVA1,S7,myeloid.dendritic.cells,0.017105467174268245
FIVA1,S7,naive.B.cells,0.007580005570319038
FIVA1,S7,naive.CD4.T.cells,0.005904311086136108
FIVA1,S7,naive.CD8.T.cells,0.0045887513600028065
FIVA1,S7,neutrophils,0.019845770984841894
FIVA1,S7,regulatory.T.cells,0.005975614375365538
FIVA1,S7,endothelial.cells,0.020129688306877388
FIVA1,S7,fibroblasts,0.02453622978556535
FIVA1,S7,memory.CD4.T.cells,0.014903850894049655
FIVA1,S7,memory.CD8.T.cells,0.002593388469007583
FIVA1,S8,NK.cells,0.02230472229819828
FIVA1,S8,macrophages,0.029432546000255747
FIVA1,S8,memory.B.cells,0.0037181107784909403
FIVA1,S8,monocytes,0.0033854648751296544
FIVA1,S8,myeloid.dendritic.cells,0.02145873593248472
FIVA1,S8,naive.B.cells,0.0059631344696731495
FIVA1,S8,naive.CD4.T.cells,0.006362404195428206
FIVA1,S8,naive.CD8.T.cells,0.004311888342654396
FIVA1,S8,neutrophils,0.019096127789551248
FIVA1,S8,regulatory.T.cells,0.006107533938776847
FIVA1,S8,endothelial.cells,0.022020959530682033
FIVA1,S8,fibroblasts,0.02451386227502026
FIVA1,S8,memory.CD4.T.cells,0.01616654654529679
FIVA1,S8,memory.CD8.T.cells,0.0030398545691490367
FIVA1,S9,NK.cells,0.034469644398419805
FIVA1,S9,macrophages,0.014552217790132407
FIVA1,S9,memory.B.cells,0.0033610771393559643
FIVA1,S9,monocytes,0.003613197545968229
FIVA1,S9,myeloid.dendritic.cells,0.010819007831551162
FIVA1,S9,naive.B.cells,0.008718216177359971
FIVA1,S9,naive.CD4.T.cells,0.007160045427303068
FIVA1,S9,naive.CD8.T.cells,0.006824533660229569
FIVA1,S9,neutrophils,0.02083296451688108
FIVA1,S9,regulatory.T.cells,0.005073549199761982
FIVA1,S9,endothelial.cells,0.016032469980201757
FIVA1,S9,fibroblasts,0.021918483918572956
FIVA1,S9,memory.CD4.T.cells,0.024858095866333873
FIVA1,S9,memory.CD8.T.cells,0.006929161647100427
FIVA1,S10,NK.cells,0.005527295425450574
FIVA1,S10,macrophages,0.02262891482495808
FIVA1,S10,memory.B.cells,0.003669829977661921
FIVA1,S10,monocytes,0.013542870702730218
FIVA1,S10,myeloid.dendritic.cells,0.011021158541916024
FIVA1,S10,naive.B.cells,0.006674462449007526
FIVA1,S10,naive.CD4.T.cells,0.005288178890829806
FIVA1,S10,naive.CD8.T.cells,0.003888603060327009
FIVA1,S10,neutrophils,0.0198645769754267
FIVA1,S10,regulatory.T.cells,0.006122205986110611
FIVA1,S10,endothelial.cells,0.017943858970081248
FIVA1,S10,fibroblasts,0.02319488369618783
FIVA1,S10,memory.CD4.T.cells,0.010816064160950132
FIVA1,S10,memory.CD8.T.cells,0.0016115155125357083
FIVA1,S11,NK.cells,0.0020335605221886875
FIVA1,S11,macrophages,0.019683990303878688
FIVA1,S11,memory.B.cells,0.0036757516408242917
FIVA1,S11,monocytes,0.01601007840357209
FIVA1,S11,myeloid.dendritic.cells,0.007125092186094647
FIVA1,S11,naive.B.cells,0.006826130403463622
FIVA1,S11,naive.CD4.T.cells,0.005070291270631998
FIVA1,S11,naive.CD8.T.cells,0.0040581211221892
FIVA1,S11,neutrophils,0.020391568483947044
FIVA1,S11,regulatory.T.cells,0.006350716013688902
FIVA1,S11,endothelial.cells,0.016711520519898375
FIVA1,S11,fibroblasts,0.02257988403086991
FIVA1,S11,memory.CD4.T.cells,0.009999453609760813
FIVA1,S11,memory.CD8.T.cells,0.0013740287429675757
FIVA1,S12,NK.cells,0.020389571630780923
FIVA1,S12,macrophages,0.013581039476358024
FIVA1,S12,memory.B.cells,0.0037795157547840224
FIVA1,S12,monocytes,0.008345468416188608
FIVA1,S12,myeloid.dendritic.cells,0.0051239397416938314
FIVA1,S12,naive.B.cells,0.00792166562486604
FIVA1,S12,naive.CD4.T.cells,0.006615149388266868
FIVA1,S12,naive.CD8.T.cells,0.007498897384090356
FIVA1,S12,neutrophils,0.022959990602705895
FIVA1,S12,regulatory.T.cells,0.00763046368841986
FIVA1,S12,endothelial.cells,0.01747362908150407
FIVA1,S12,fibroblasts,0.021740578539548763
FIVA1,S12,memory.CD4.T.cells,0.02174820345786734
FIVA1,S12,memory.CD8.T.cells,0.004593586631254436
FIVA1,S13,NK.cells,0.015383046709575403
FIVA1,S13,macrophages,0.025713388274434035
FIVA1,S13,memory.B.cells,0.00410347042761404
FIVA1,S13,monocytes,0.005245384630856382
FIVA1,S13,myeloid.dendritic.cells,0.018473486338201596
FIVA1,S13,naive.B.cells,0.009739734224348637
FIVA1,S13,naive.CD4.T.cells,0.007313263796907821
FIVA1,S13,naive.CD8.T.cells,0.008625709980586947
FIVA1,S13,neutrophils,0.023451101221303765
FIVA1,S13,regulatory.T.cells,0.008417494426034898
FIVA1,S13,endothelial.cells,0.023982404481336598
FIVA1,S13,fibroblasts,0.02570167966493892
FIVA1,S13,memory.CD4.T.cells,0.026402157403155394
FIVA1,S13,memory.CD8.T.cells,0.004475521909286552
FIVA1,S14,NK.cells,0.0336093138971556
FIVA1,S14,macrophages,0.010552033994371724
FIVA1,S14,memory.B.cells,0.0035526575281449937
FIVA1,S14,monocytes,0.0040978760606025415
FIVA1,S14,myeloid.dendritic.cells,0.00593407720109314
FIVA1,S14,naive.B.cells,0.008852550669962066
FIVA1,S14,naive.CD4.T.cells,0.007357464028135111
FIVA1,S14,naive.CD8.T.cells,0.008306961274323796
FIVA1,S14,neutrophils,0.022752851708212805
FIVA1,S14,regulatory.T.cells,0.006567393927128274
FIVA1,S14,endothelial.cells,0.016147910510310875
FIVA1,S14,fibroblasts,0.021227945142413728
FIVA1,S14,memory.CD4.T.cells,0.027180298645853786
FIVA1,S14,memory.CD8.T.cells,0.007015013945823395
FIVA1,S15,NK.cells,0.013356151874402145
FIVA1,S15,macrophages,0.037577709084796025
FIVA1,S15,memory.B.cells,0.0038059247916363533
FIVA1,S15,monocytes,0.004583235822601437
FIVA1,S15,myeloid.dendritic.cells,0.030457462130929886
FIVA1,S15,naive.B.cells,0.008274293924091583
FIVA1,S15,naive.CD4.T.cells,0.006546680887317532
FIVA1,S15,naive.CD8.T.cells,0.004614655641787583
FIVA1,S15,neutrophils,0.01891436971113132
FIVA1,S15,regulatory.T.cells,0.005685088953152653
FIVA1,S15,endothelial.cells,0.02508819987179816
FIVA1,S15,fibroblasts,0.027535089877527508
FIVA1,S15,memory.CD4.T.cells,0.018072917201599085
FIVA1,S15,memory.CD8.T.cells,0.002932190155149477
FIVA1,S16,NK.cells,0.005832867201094251
FIVA1,S16,macrophages,0.01760190378107489
FIVA1,S16,memory.B.cells,0.0037511877283624845
FIVA1,S16,monocytes,0.014363428279624033
FIVA1,S16,myeloid.dendritic.cells,0.00565760928243419
FIVA1,S16,naive.B.cells,0.007012164763071332
FIVA1,S16,naive.CD4.T.cells,0.005446094831552778
FIVA1,S16,naive.CD8.T.cells,0.00512325523524546
FIVA1,S16,neutrophils,0.02138531084402573
FIVA1,S16,regulatory.T.cells,0.007019711940901204
FIVA1,S16,endothelial.cells,0.017009829300485522
FIVA1,S16,fibroblasts,0.022248568373690627
FIVA1,S16,memory.CD4.T.cells,0.012982014863580449
FIVA1,S16,memory.CD8.T.cells,0.0020360359895506687
FIVA1,S17,NK.cells,0.037225690325279726
FIVA1,S17,macrophages,0.016368508771681754
FIVA1,S17,memory.B.cells,0.00336605759047877
FIVA1,S17,monocytes,0.002046804709829505
FIVA1,S17,myeloid.dendritic.cells,0.010614942482566007
FIVA1,S17,naive.B.cells,0.0056171811415674615
FIVA1,S17,naive.CD4.T.cells,0.006620610726108108
FIVA1,S17,naive.CD8.T.cells,0.004893882441849349
FIVA1,S17,neutrophils,0.01940113210372273
FIVA1,S17,regulatory.T.cells,0.0052273448478640135
FIVA1,S17,endothelial.cells,0.016248605562790796
FIVA1,S17,fibroblasts,0.02096404294156138
FIVA1,S17,memory.CD4.T.cells,0.018793332120121797
FIVA1,S17,memory.CD8.T.cells,0.005349029708638842
FIVA1,S18,NK.cells,0.026114312801673336
FIVA1,S18,macrophages,0.021778297348065533
FIVA1,S18,memory.B.cells,0.0035040467530058697
FIVA1,S18,monocytes,0.004947568717740545
FIVA1,S18,myeloid.dendritic.cells,0.014488756764333829
FIVA1,S18,naive.B.cells,0.006244117112402227
FIVA1,S18,naive.CD4.T.cells,0.006295616266603395
FIVA1,S18,naive.CD8.T.cells,0.004515183909496202
FIVA1,S18,neutrophils,0.019299163941369785
FIVA1,S18,regulatory.T.cells,0.005447703500028191
FIVA1,S18,endothelial.cells,0.01821789668614121
FIVA1,S18,fibroblasts,0.022642649443327695
FIVA1,S18,memory.CD4.T.cells,0.016678969440110297
FIVA1,S18,memory.CD8.T.cells,0.004054993921939939
FIVA1,S19,NK.cells,0.01034813300028281
FIVA1,S19,macrophages,0.014042927796086643
FIVA1,S19,memory.B.cells,0.004722361957359144
FIVA1,S19,monocytes,0.007334955576641125
FIVA1,S19,myeloid.dendritic.cells,0.005365067788422307
FIVA1,S19,naive.B.cells,0.01213512169715907
FIVA1,S19,naive.CD4.T.cells,0.008290116263844198
FIVA1,S19,naive.CD8.T.cells,0.014343093684189855
FIVA1,S19,neutrophils,0.030147985093552328
FIVA1,S19,regulatory.T.cells,0.01295953206777441
FIVA1,S19,endothelial.cells,0.024994687781758045
FIVA1,S19,fibroblasts,0.024639067894013076
FIVA1,S19,memory.CD4.T.cells,0.03737626693831303
FIVA1,S19,memory.CD8.T.cells,0.005589239983911319
FIVA1,S20,NK.cells,0.020377838747753407
FIVA1,S20,macrophages,0.012944613526693453
FIVA1,S20,memory.B.cells,0.004301708502567604
FIVA1,S20,monocytes,0.005467111475440627
FIVA1,S20,myeloid.dendritic.cells,0.004842392811768242
FIVA1,S20,naive.B.cells,0.009558811419707334
FIVA1,S20,naive.CD4.T.cells,0.0077291430913352934
FIVA1,S20,naive.CD8.T.cells,0.01139976404935485
FIVA1,S20,neutrophils,0.026955175024403224
FIVA1,S20,regulatory.T.cells,0.010776160205996666
FIVA1,S20,endothelial.cells,0.021713016626467126
FIVA1,S20,fibroblasts,0.02282611533452745
FIVA1,S20,memory.CD4.T.cells,0.031182765277626295
FIVA1,S20,memory.CD8.T.cells,0.0054720345237549125
FIVA2,S1,NK.cells,0.003413790256535036
FIVA2,S1,macrophages,0.023288489704996532
FIVA2,S1,memory.B.cells,0.0043806258670936234
FIVA2,S1,monocytes,0.0022381444215460976
FIVA2,S1,myeloid.dendritic.cells,0.01415394160762966
FIVA2,S1,naive.B.cells,0.004120377205734791
FIVA2,S1,naive.CD4.T.cells,0.004544692110574861
FIVA2,S1,naive.CD8.T.cells,0.0034177530033014394
FIVA2,S1,neutrophils,0.0021617191261750247
FIVA2,S1,regulatory.T.cells,0.007803121913840557
FIVA2,S1,endothelial.cells,0.015514456143175391
FIVA2,S1,fibroblasts,0.021025055762325717
FIVA2,S1,memory.CD4.T.cells,0.013511158830322187
FIVA2,S1,memory.CD8.T.cells,0.0016927356152638962
FIVA2,S2,NK.cells,0.003402734240884796
FIVA2,S2,macrophages,0.0036437913364383177
FIVA2,S2,memory.B.cells,0.0016744971324026989
FIVA2,S2,monocytes,0.002151415273983185
FIVA2,S2,myeloid.dendritic.cells,0.008562700289231525
FIVA2,S2,naive.B.cells,0.0037362281846737896
FIVA2,S2,naive.CD4.T.cells,0.005517148381877504
FIVA2,S2,naive.CD8.T.cells,0.004246671448447381
FIVA2,S2,neutrophils,0.0021989307255347035
FIVA2,S2,regulatory.T.cells,0.005699715116770893
FIVA2,S2,endothelial.cells,0.01567180896941861
FIVA2,S2,fibroblasts,0.014388540323294154
FIVA2,S2,memory.CD4.T.cells,0.008201899629415072
FIVA2,S2,memory.CD8.T.cells,0.00024442162254803605
FIVA2,S3,NK.cells,0.0035879753879100354
FIVA2,S3,macrophages,0.012936427105403223
FIVA2,S3,memory.B.cells,0.001221367872256741
FIVA2,S3,monocytes,0.003149456818461832
FIVA2,S3,myeloid.dendritic.cells,0.01035309511338695
FIVA2,S3,naive.B.cells,0.003818284044902805
FIVA2,S3,naive.CD4.T.cells,0.005886251775124442
FIVA2,S3,naive.CD8.T.cells,0.004688602668714621
FIVA2,S3,neutrophils,0.0052128063360788466
FIVA2,S3,regulatory.T.cells,0.007282620857865085
FIVA2,S3,endothelial.cells,0.021953116109817348
FIVA2,S3,fibroblasts,0.023555608370832898
FIVA2,S3,memory.CD4.T.cells,0.012660003878043787
FIVA2,S3,memory.CD8.T.cells,0.0009141409385148929
FIVA2,S4,NK.cells,0.003104456910841697
FIVA2,S4,macrophages,0.02331426653322302
FIVA2,S4,memory.B.cells,0.0021807624137108036
FIVA2,S4,monocytes,0.009651068863604706
FIVA2,S4,myeloid.dendritic.cells,0.007778330507963168
FIVA2,S4,naive.B.cells,0.0033303078756687604
FIVA2,S4,naive.CD4.T.cells,0.0037555943708558696
FIVA2,S4,naive.CD8.T.cells,0.002612479202075986
FIVA2,S4,neutrophils,0.013011808494495044
FIVA2,S4,regulatory.T.cells,0.006003537972747247
FIVA2,S4,endothelial.cells,0.020427034012598516
FIVA2,S4,fibroblasts,0.016489540280174634
FIVA2,S4,memory.CD4.T.cells,0.017012826444256057
FIVA2,S4,memory.CD8.T.cells,0.002544725760602345
FIVA2,S5,NK.cells,0.004135436925370054
FIVA2,S5,macrophages,0.025899556996185288
FIVA2,S5,memory.B.cells,0.0015923948261830198
FIVA2,S5,monocytes,0.006544794940050968
FIVA2,S5,myeloid.dendritic.cells,0.012334276344938682
FIVA2,S5,naive.B.cells,0.0030615506869669973
FIVA2,S5,naive.CD4.T.cells,0.0034565010528949973
FIVA2,S5,naive.CD8.T.cells,0.002671757477201816
FIVA2,S5,neutrophils,0.0025269097636381084
FIVA2,S5,regulatory.T.cells,0.006046659292883191
FIVA2,S5,endothelial.cells,0.019330168229969847
FIVA2,S5,fibroblasts,0.015813274844629858
FIVA2,S5,memory.CD4.T.cells,0.01783144593360748
FIVA2,S5,memory.CD8.T.cells,0.003749386389252794
FIVA2,S6,NK.cells,0.0021052764703257958
FIVA2,S6,macrophages,0.023049160604461095
FIVA2,S6,memory.B.cells,0.0020306039189494363
FIVA2,S6,monocytes,0.003359936086634941
FIVA2,S6,myeloid.dendritic.cells,0.03106545879024585
FIVA2,S6,naive.B.cells,0.002233373256982941
FIVA2,S6,naive.CD4.T.cells,0.0035655024933858265
FIVA2,S6,naive.CD8.T.cells,0.0021751887497066767
FIVA2,S6,neutrophils,0.002986085780053937
FIVA2,S6,regulatory.T.cells,0.0051482832544585315
FIVA2,S6,endothelial.cells,0.017200395204936707
FIVA2,S6,fibroblasts,0.012935324556724012
FIVA2,S6,memory.CD4.T.cells,0.011339889272731508
FIVA2,S6,memory.CD8.T.cells,0.00022896325602012925
FIVA2,S7,NK.cells,0.007223542242751751
FIVA2,S7,macrophages,0.010220188062760814
FIVA2,S7,memory.B.cells,0.0033653923444556307
FIVA2,S7,monocytes,0.010437433618929546
FIVA2,S7,myeloid.dendritic.cells,0.01050100678987314
FIVA2,S7,naive.B.cells,0.0037207960332354276
FIVA2,S7,naive.CD4.T.cells,0.004982903346531878
FIVA2,S7,naive.CD8.T.cells,0.0036405292959628133
FIVA2,S7,neutrophils,0.026367973954792484
FIVA2,S7,regulatory.T.cells,0.004937190266735324
FIVA2,S7,endothelial.cells,0.018337709312169707
FIVA2,S7,fibroblasts,0.014780544515349459
FIVA2,S7,memory.CD4.T.cells,0.013230060411693254
FIVA2,S7,memory.CD8.T.cells,0.0005003148149259889
FIVA2,S8,NK.cells,0.010912755436421501
FIVA2,S8,macrophages,0.0034409908464062807
FIVA2,S8,memory.B.cells,0.0017387925246511113
FIVA2,S8,monocytes,0.0026642397062292826
FIVA2,S8,myeloid.dendritic.cells,0.008525541142023349
FIVA2,S8,naive.B.cells,0.004030524655854004
FIVA2,S8,naive.CD4.T.cells,0.005765421288793887
FIVA2,S8,naive.CD8.T.cells,0.005111684425044314
FIVA2,S8,neutrophils,0.0029445877881519836
FIVA2,S8,regulatory.T.cells,0.005856088960163414
FIVA2,S8,endothelial.cells,0.01554880096107663
FIVA2,S8,fibroblasts,0.014738417033776466
FIVA2,S8,memory.CD4.T.cells,0.012694520791208716
FIVA2,S8,memory.CD8.T.cells,0.0008486768227032
FIVA2,S9,NK.cells,0.004328827731517621
FIVA2,S9,macrophages,0.012130746299116339
FIVA2,S9,memory.B.cells,0.0015179633585849707
FIVA2,S9,monocytes,0.003001294366665223
FIVA2,S9,myeloid.dendritic.cells,0.009879035354422562
FIVA2,S9,naive.B.cells,0.0031559443415186753
FIVA2,S9,naive.CD4.T.cells,0.00490231250425498
FIVA2,S9,naive.CD8.T.cells,0.0038265885636857284
FIVA2,S9,neutrophils,0.0024675508918898235
FIVA2,S9,regulatory.T.cells,0.006219082396814793
FIVA2,S9,endothelial.cells,0.01770492510086503
FIVA2,S9,fibroblasts,0.01622682762946074
FIVA2,S9,memory.CD4.T.cells,0.011920527611317613
FIVA2,S9,memory.CD8.T.cells,0.0013782583523491185
FIVA2,S10,NK.cells,0.005890593872909066
FIVA2,S10,macrophages,0.005579587196428669
FIVA2,S10,memory.B.cells,0.001338696750466665
FIVA2,S10,monocytes,0.0021157917586921565
FIVA2,S10,myeloid.dendritic.cells,0.010136942172194453
FIVA2,S10,naive.B.cells,0.004083561012582782
FIVA2,S10,naive.CD4.T.cells,0.0060815889951238555
FIVA2,S10,naive.CD8.T.cells,0.005774393590351928
FIVA2,S10,neutrophils,0.0060389641530359875
FIVA2,S10,regulatory.T.cells,0.007528849982909406
FIVA2,S10,endothelial.cells,0.0215795542807196
FIVA2,S10,fibroblasts,0.021445967877470943
FIVA2,S10,memory.CD4.T.cells,0.011242594114719577
FIVA2,S10,memory.CD8.T.cells,0.0004556565055125712
FIVA2,S11,NK.cells,0.005160189465007936
FIVA2,S11,macrophages,0.015494369949357751
FIVA2,S11,memory.B.cells,0.00275169013165402
FIVA2,S11,monocytes,0.00840708724263078
FIVA2,S11,myeloid.dendritic.cells,0.008801819423014091
FIVA2,S11,naive.B.cells,0.0033480266900091666
FIVA2,S11,naive.CD4.T.cells,0.004770113385308669
FIVA2,S11,naive.CD8.T.cells,0.0034517606219569112
FIVA2,S11,neutrophils,0.019342643218881315
FIVA2,S11,regulatory.T.cells,0.005010877035578852
FIVA2,S11,endothelial.cells,0.01896162396894369
FIVA2,S11,fibroblasts,0.017782242145869084
FIVA2,S11,memory.CD4.T.cells,0.01306168747161871
FIVA2,S11,memory.CD8.T.cells,0.0015442047684120078
FIVA2,S12,NK.cells,0.06694282864361635
FIVA2,S12,macrophages,0.004622690271528898
FIVA2,S12,memory.B.cells,0.0027423511686243416
FIVA2,S12,monocytes,0.006508781410944316
FIVA2,S12,myeloid.dendritic.cells,0.00935022731790109
FIVA2,S12,naive.B.cells,0.006414732126724613
FIVA2,S12,naive.CD4.T.cells,0.007486512684902291
FIVA2,S12,naive.CD8.T.cells,0.011500412682716028
FIVA2,S12,neutrophils,0.0087129416929625
FIVA2,S12,regulatory.T.cells,0.007474683565829043
FIVA2,S12,endothelial.cells,0.014465817365998522
FIVA2,S12,fibroblasts,0.018224731815449313
FIVA2,S12,memory.CD4.T.cells,0.04713330242948728
FIVA2,S12,memory.CD8.T.cells,0.0057502920356302415
FIVA2,S13,NK.cells,0.0035103873321661004
FIVA2,S13,macrophages,0.030285875045035795
FIVA2,S13,memory.B.cells,0.0016331536457845801
FIVA2,S13,monocytes,0.008065275126928634
FIVA2,S13,myeloid.dendritic.cells,0.012772967479910293
FIVA2,S13,naive.B.cells,0.00289346864853648
FIVA2,S13,naive.CD4.T.cells,0.0033146970941301283
FIVA2,S13,naive.CD8.T.cells,0.0022041730229041515
FIVA2,S13,neutrophils,0.0050025938783906385
FIVA2,S13,regulatory.T.cells,0.006315457277545282
FIVA2,S13,endothelial.cells,0.020142345158109632
FIVA2,S13,fibroblasts,0.016479751936418565
FIVA2,S13,memory.CD4.T.cells,0.019001794985572907
FIVA2,S13,memory.CD8.T.cells,0.0030675400971755034
FIVA2,S14,NK.cells,0.061619774924371755
FIVA2,S14,macrophages,0.005240957061208514
FIVA2,S14,memory.B.cells,0.002914666118376012
FIVA2,S14,monocytes,0.006970037743994713
FIVA2,S14,myeloid.dendritic.cells,0.009628683595782625
FIVA2,S14,naive.B.cells,0.00629991346277478
FIVA2,S14,naive.CD4.T.cells,0.007380279741017893
FIVA2,S14,naive.CD8.T.cells,0.010854075381589324
FIVA2,S14,neutrophils,0.010726887362710548
FIVA2,S14,regulatory.T.cells,0.007330512416197826
FIVA2,S14,endothelial.cells,0.01493213907152727
FIVA2,S14,fibroblasts,0.01800386089777967
FIVA2,S14,memory.CD4.T.cells,0.04453794251938378
FIVA2,S14,memory.CD8.T.cells,0.005350468684801618
FIVA2,S15,NK.cells,0.002088991928489408
FIVA2,S15,macrophages,0.023163487436832556
FIVA2,S15,memory.B.cells,0.0019280388915634335
FIVA2,S15,monocytes,0.0032861338569467697
FIVA2,S15,myeloid.dendritic.cells,0.028590387144980765
FIVA2,S15,naive.B.cells,0.0022051814480745567
FIVA2,S15,naive.CD4.T.cells,0.0035699810640272504
FIVA2,S15,naive.CD8.T.cells,0.002205757655222904
FIVA2,S15,neutrophils,0.002404170268347719
FIVA2,S15,regulatory.T.cells,0.005343576243694967
FIVA2,S15,endothelial.cells,0.017519570853947883
FIVA2,S15,fibroblasts,0.013607663939821359
FIVA2,S15,memory.CD4.T.cells,0.011586626516943208
FIVA2,S15,memory.CD8.T.cells,0.00021169126725797098
FIVA2,S16,NK.cells,0.0037623775132878683
FIVA2,S16,macrophages,0.003610453554038626
FIVA2,S16,memory.B.cells,0.0016348914050810259
FIVA2,S16,monocytes,0.0026983953591207316
FIVA2,S16,myeloid.dendritic.cells,0.008551814067738809
FIVA2,S16,naive.B.cells,0.004300380229523714
FIVA2,S16,naive.CD4.T.cells,0.005544722874337803
FIVA2,S16,naive.CD8.T.cells,0.004537491740111334
FIVA2,S16,neutrophils,0.004541655458809385
FIVA2,S16,regulatory.T.cells,0.005865638015355055
FIVA2,S16,endothelial.cells,0.01610195812470737
FIVA2,S16,fibroblasts,0.014441417546360252
FIVA2,S16,memory.CD4.T.cells,0.00889054875379371
FIVA2,S16,memory.CD8.T.cells,0.00022899733911187453
FIVA2,S17,NK.cells,0.029966895490179783
FIVA2,S17,macrophages,0.009620680517601376
FIVA2,S17,memory.B.cells,0.002264870413809944
FIVA2,S17,monocytes,0.007487942243626823
FIVA2,S17,myeloid.dendritic.cells,0.01726032737423337
FIVA2,S17,naive.B.cells,0.009092845144916806
FIVA2,S17,naive.CD4.T.cells,0.007376240642213399
FIVA2,S17,naive.CD8.T.cells,0.007766767270791511
FIVA2,S17,neutrophils,0.013275516037321217
FIVA2,S17,regulatory.T.cells,0.006553854712985335
FIVA2,S17,endothelial.cells,0.021082957479507367
FIVA2,S17,fibroblasts,0.018974703532974188
FIVA2,S17,memory.CD4.T.cells,0.033766197534564425
FIVA2,S17,memory.CD8.T.cells,0.002969081975455578
FIVA2,S18,NK.cells,0.006139539882119614
FIVA2,S18,macrophages,0.015733783313050736
FIVA2,S18,memory.B.cells,0.0029749871710381907
FIVA2,S18,monocytes,0.002970467480390913
FIVA2,S18,myeloid.dendritic.cells,0.012179395741346374
FIVA2,S18,naive.B.cells,0.005093455268543606
FIVA2,S18,naive.CD4.T.cells,0.005450030331895327
FIVA2,S18,naive.CD8.T.cells,0.005338634320153448
FIVA2,S18,neutrophils,0.00821658805836816
FIVA2,S18,regulatory.T.cells,0.008429311526440933
FIVA2,S18,endothelial.cells,0.020102660297892174
FIVA2,S18,fibroblasts,0.02315784240985635
FIVA2,S18,memory.CD4.T.cells,0.014540301005520673
FIVA2,S18,memory.CD8.T.cells,0.0012505865754120406
FIVA2,S19,NK.cells,0.0071028103234426045
FIVA2,S19,macrophages,0.009369899499917749
FIVA2,S19,memory.B.cells,0.002675743798555794
FIVA2,S19,monocytes,0.014427210477803534
FIVA2,S19,myeloid.dendritic.cells,0.007475952509390672
FIVA2,S19,naive.B.cells,0.004183750170355408
FIVA2,S19,naive.CD4.T.cells,0.009159955104435798
FIVA2,S19,naive.CD8.T.cells,0.005354499354162992
FIVA2,S19,neutrophils,0.04310515951651965
FIVA2,S19,regulatory.T.cells,0.008599816765015367
FIVA2,S19,endothelial.cells,0.019535777011935155
FIVA2,S19,fibroblasts,0.020744087981561063
FIVA2,S19,memory.CD4.T.cells,0.015930848972358563
FIVA2,S19,memory.CD8.T.cells,0.0006546256737965879
FIVA2,S20,NK.cells,0.0036334120889718775
FIVA2,S20,macrophages,0.006370999689112066
FIVA2,S20,memory.B.cells,0.0015334827114341742
FIVA2,S20,monocytes,0.0021820326668806956
FIVA2,S20,myeloid.dendritic.cells,0.00948436527685494
FIVA2,S20,naive.B.cells,0.0040608267584460464
FIVA2,S20,naive.CD4.T.cells,0.006022396787647844
FIVA2,S20,naive.CD8.T.cells,0.005530385962445062
FIVA2,S20,neutrophils,0.0065904522541658985
FIVA2,S20,regulatory.T.cells,0.007666935016772166
FIVA2,S20,endothelial.cells,0.021777653379391287
FIVA2,S20,fibroblasts,0.022057376836484396
FIVA2,S20,memory.CD4.T.cells,0.01021227811797734
FIVA2,S20,memory.CD8.T.cells,0.00037765528190280244
